,id,terrestrial_date,sol,ls,month,min_temp,pressure
0,2,2012-01-16 00:08:00,10,155,6,-75.0,739.0
1,13,2012-01-17 00:08:00,11,156,6,-76.0,740.0
2,24,2012-01-18 00:08:00,12,156,6,-76.0,741.0
3,35,2012-01-19 00:08:00,13,157,6,-74.0,732.0
4,46,2012-01-20 00:08:00,14,157,6,-74.0,740.0
5,57,2012-01-21 00:08:00,15,158,6,-78.0,740.0
6,68,2012-01-22 00:08:00,16,158,6,-77.0,740.0
7,79,2012-01-23 00:08:00,17,159,6,-76.0,742.0
8,112,2012-01-27 00:08:00,21,161,6,-74.0,741.0
9,114,2012-01-28 00:08:00,22,162,6,-74.0,742.0
10,123,2012-01-29 00:08:00,23,162,6,-75.0,741.0
11,134,2012-01-30 00:08:00,24,163,6,-75.0,742.0
12,145,2012-01-31 00:08:00,25,163,6,-75.0,743.0
13,156,2012-01-01 00:09:00,26,164,6,-76.0,745.0
14,163,2012-01-02 00:09:00,27,164,6,-75.0,743.0
15,170,2012-01-03 00:09:00,28,165,6,-75.0,745.0
16,171,2012-01-04 00:09:00,29,166,6,-75.0,747.0
17,172,2012-01-05 00:09:00,30,166,6,-74.0,747.0
18,173,2012-01-06 00:09:00,31,167,6,-74.0,745.0
19,175,2012-01-08 00:09:00,33,168,6,-73.0,748.0
20,176,2012-01-10 00:09:00,34,168,6,-73.0,748.0
21,177,2012-01-11 00:09:00,35,169,6,-73.0,749.0
22,178,2012-01-12 00:09:00,36,169,6,-73.0,750.0
23,179,2012-01-13 00:09:00,37,170,6,-73.0,750.0
24,180,2012-01-14 00:09:00,38,171,6,-73.0,750.0
25,181,2012-01-15 00:09:00,39,171,6,-75.0,751.0
26,182,2012-01-16 00:09:00,40,172,6,-75.0,753.0
27,183,2012-01-17 00:09:00,41,172,6,-75.0,753.0
28,184,2012-01-18 00:09:00,42,173,6,-75.0,754.0
29,185,2012-01-19 00:09:00,43,173,6,-74.0,756.0
30,186,2012-01-20 00:09:00,44,174,6,-75.0,757.0
31,187,2012-01-21 00:09:00,45,175,6,-74.0,758.0
32,188,2012-01-22 00:09:00,46,175,6,-74.0,758.0
33,189,2012-01-23 00:09:00,47,176,6,-75.0,758.0
34,190,2012-01-24 00:09:00,48,176,6,-75.0,759.0
35,191,2012-01-25 00:09:00,49,177,6,-74.0,761.0
36,192,2012-01-26 00:09:00,50,177,6,-72.0,761.0
37,193,2012-01-27 00:09:00,51,178,6,-76.0,762.0
38,194,2012-01-28 00:09:00,52,179,6,-74.0,762.0
39,195,2012-01-29 00:09:00,53,179,6,-71.0,764.0
40,196,2012-01-30 00:09:00,54,180,7,-72.0,766.0
41,197,2012-01-01 00:10:00,55,180,7,-74.0,766.0
42,198,2012-01-02 00:10:00,56,181,7,-73.0,768.0
43,199,2012-01-03 00:10:00,57,181,7,-73.0,769.0
44,200,2012-01-04 00:10:00,58,182,7,-74.0,769.0
45,201,2012-01-05 00:10:00,59,183,7,-76.0,771.0
46,202,2012-01-06 00:10:00,60,183,7,-75.0,772.0
47,203,2012-01-07 00:10:00,61,184,7,-72.0,772.0
48,204,2012-01-08 00:10:00,62,184,7,-72.0,774.0
49,205,2012-01-09 00:10:00,63,185,7,-73.0,775.0
50,206,2012-01-10 00:10:00,64,186,7,-74.0,776.0
51,207,2012-01-11 00:10:00,65,186,7,-72.0,777.0
52,208,2012-01-12 00:10:00,66,187,7,-73.0,778.0
53,209,2012-01-13 00:10:00,67,187,7,-73.0,780.0
54,210,2012-01-14 00:10:00,68,188,7,-71.0,781.0
55,211,2012-01-15 00:10:00,69,189,7,-73.0,778.0
56,212,2012-01-17 00:10:00,70,189,7,-72.0,783.0
57,213,2012-01-18 00:10:00,71,190,7,-71.0,784.0
58,214,2012-01-19 00:10:00,72,190,7,-73.0,785.0
59,215,2012-01-20 00:10:00,73,191,7,-70.0,788.0
60,216,2012-01-21 00:10:00,74,192,7,-72.0,790.0
61,217,2012-01-22 00:10:00,75,192,7,-73.0,791.0
62,218,2012-01-23 00:10:00,76,193,7,-73.0,792.0
63,219,2012-01-24 00:10:00,77,193,7,-71.0,792.0
64,220,2012-01-25 00:10:00,78,194,7,-71.0,793.0
65,221,2012-01-26 00:10:00,79,195,7,-73.0,795.0
66,222,2012-01-27 00:10:00,80,195,7,-70.0,796.0
67,223,2012-01-28 00:10:00,81,196,7,-72.0,798.0
68,224,2012-01-29 00:10:00,82,196,7,-72.0,799.0
69,225,2012-01-30 00:10:00,83,197,7,-72.0,801.0
70,226,2012-01-31 00:10:00,84,198,7,-70.0,801.0
71,227,2012-01-01 00:11:00,85,198,7,-71.0,805.0
72,228,2012-01-02 00:11:00,86,199,7,-71.0,808.0
73,229,2012-01-03 00:11:00,87,199,7,-70.0,808.0
74,230,2012-01-04 00:11:00,88,200,7,-70.0,811.0
75,231,2012-01-05 00:11:00,89,201,7,-73.0,813.0
76,233,2012-01-06 00:11:00,90,201,7,-71.0,813.0
77,234,2012-01-07 00:11:00,91,202,7,-74.0,817.0
78,235,2012-01-08 00:11:00,92,202,7,-74.0,820.0
79,236,2012-01-09 00:11:00,93,203,7,-72.0,819.0
80,237,2012-01-10 00:11:00,94,204,7,-70.0,822.0
81,238,2012-01-11 00:11:00,95,204,7,-68.0,822.0
82,239,2012-01-12 00:11:00,96,205,7,-71.0,826.0
83,240,2012-01-13 00:11:00,97,206,7,-68.0,828.0
84,241,2012-01-14 00:11:00,98,206,7,-68.0,828.0
85,242,2012-01-15 00:11:00,99,207,7,-68.0,829.0
86,3,2012-01-16 00:11:00,100,207,7,-66.0,829.0
87,4,2012-01-17 00:11:00,101,208,7,-65.0,830.0
88,5,2012-01-18 00:11:00,102,209,7,-67.0,833.0
89,6,2012-01-19 00:11:00,103,209,7,-66.0,836.0
90,7,2012-01-20 00:11:00,104,210,8,-67.0,838.0
91,8,2012-01-21 00:11:00,105,211,8,-66.0,839.0
92,9,2012-01-23 00:11:00,106,211,8,-66.0,841.0
93,10,2012-01-24 00:11:00,107,212,8,-66.0,844.0
94,11,2012-01-25 00:11:00,108,212,8,-65.0,845.0
95,12,2012-01-26 00:11:00,109,213,8,-64.0,844.0
96,14,2012-01-27 00:11:00,110,214,8,-65.0,848.0
97,15,2012-01-28 00:11:00,111,214,8,-66.0,849.0
98,16,2012-01-29 00:11:00,112,215,8,-65.0,852.0
99,17,2012-01-30 00:11:00,113,216,8,-66.0,857.0
100,18,2012-01-01 00:12:00,114,216,8,-69.0,857.0
101,19,2012-01-02 00:12:00,115,217,8,-66.0,857.0
102,20,2012-01-03 00:12:00,116,217,8,-67.0,859.0
103,21,2012-01-04 00:12:00,117,218,8,-66.0,861.0
104,22,2012-01-05 00:12:00,118,219,8,-65.0,864.0
105,23,2012-01-06 00:12:00,119,219,8,-66.0,866.0
106,25,2012-01-07 00:12:00,120,220,8,-67.0,867.0
107,26,2012-01-08 00:12:00,121,221,8,-66.0,869.0
108,27,2012-01-09 00:12:00,122,221,8,-65.0,869.0
109,28,2012-01-10 00:12:00,123,222,8,-66.0,875.0
110,29,2012-01-11 00:12:00,124,223,8,-66.0,876.0
111,30,2012-01-12 00:12:00,125,223,8,-68.0,880.0
112,31,2012-01-13 00:12:00,126,224,8,-66.0,880.0
113,32,2012-01-14 00:12:00,127,224,8,-67.0,884.0
114,33,2012-01-15 00:12:00,128,225,8,-67.0,883.0
115,34,2012-01-16 00:12:00,129,226,8,-65.0,886.0
116,36,2012-01-17 00:12:00,130,226,8,-65.0,888.0
117,37,2012-01-18 00:12:00,131,227,8,-65.0,889.0
118,38,2012-01-19 00:12:00,132,228,8,-65.0,890.0
119,39,2012-01-20 00:12:00,133,228,8,-65.0,891.0
120,40,2012-01-21 00:12:00,134,229,8,-67.0,893.0
121,41,2012-01-22 00:12:00,135,230,8,-65.0,894.0
122,42,2012-01-23 00:12:00,136,230,8,-65.0,897.0
123,43,2012-01-24 00:12:00,137,231,8,-64.0,896.0
124,44,2012-01-25 00:12:00,138,232,8,-65.0,899.0
125,45,2012-01-26 00:12:00,139,232,8,-66.0,899.0
126,47,2012-01-27 00:12:00,140,233,8,-66.0,903.0
127,48,2012-01-28 00:12:00,141,233,8,-64.0,904.0
128,49,2012-01-29 00:12:00,142,234,8,-65.0,906.0
129,50,2012-01-31 00:12:00,143,235,8,-63.0,908.0
130,51,2013-01-01 00:01:00,144,235,8,-64.0,907.0
131,52,2013-01-02 00:01:00,145,236,8,-64.0,909.0
132,53,2013-01-03 00:01:00,146,237,8,-65.0,908.0
133,54,2013-01-04 00:01:00,147,237,8,-65.0,914.0
134,55,2013-01-05 00:01:00,148,238,8,-65.0,912.0
135,56,2013-01-06 00:01:00,149,239,8,-65.0,914.0
136,58,2013-01-07 00:01:00,150,239,8,-64.0,913.0
137,59,2013-01-08 00:01:00,151,240,9,-65.0,915.0
138,60,2013-01-09 00:01:00,152,241,9,-63.0,914.0
139,61,2013-01-10 00:01:00,153,241,9,-65.0,915.0
140,62,2013-01-11 00:01:00,154,242,9,-65.0,917.0
141,63,2013-01-12 00:01:00,155,243,9,-64.0,917.0
142,64,2013-01-13 00:01:00,156,243,9,-65.0,922.0
143,65,2013-01-14 00:01:00,157,244,9,-64.0,920.0
144,66,2013-01-15 00:01:00,158,245,9,-66.0,922.0
145,67,2013-01-16 00:01:00,159,245,9,-65.0,918.0
146,69,2013-01-17 00:01:00,160,246,9,-67.0,919.0
147,70,2013-01-18 00:01:00,161,246,9,-65.0,919.0
148,71,2013-01-19 00:01:00,162,247,9,-65.0,919.0
149,72,2013-01-20 00:01:00,163,248,9,-65.0,919.0
150,73,2013-01-21 00:01:00,164,248,9,-64.0,919.0
151,74,2013-01-22 00:01:00,165,249,9,-65.0,922.0
152,75,2013-01-23 00:01:00,166,250,9,-65.0,922.0
153,76,2013-01-24 00:01:00,167,250,9,-65.0,920.0
154,77,2013-01-25 00:01:00,168,251,9,-66.0,923.0
155,78,2013-01-26 00:01:00,169,252,9,-66.0,922.0
156,80,2013-01-27 00:01:00,170,252,9,-66.0,925.0
157,81,2013-01-28 00:01:00,171,253,9,-67.0,925.0
158,82,2013-01-29 00:01:00,172,254,9,-67.0,923.0
159,83,2013-01-30 00:01:00,173,254,9,-67.0,920.0
160,84,2013-01-31 00:01:00,174,255,9,-67.0,921.0
161,85,2013-01-01 00:02:00,175,256,9,-68.0,921.0
162,86,2013-01-02 00:02:00,176,256,9,-67.0,920.0
163,87,2013-01-03 00:02:00,177,257,9,-66.0,921.0
164,88,2013-01-04 00:02:00,178,258,9,-66.0,920.0
165,89,2013-01-06 00:02:00,179,258,9,-66.0,920.0
166,91,2013-01-07 00:02:00,180,259,9,-67.0,919.0
167,92,2013-01-08 00:02:00,181,260,9,-67.0,918.0
168,93,2013-01-09 00:02:00,182,260,9,-67.0,921.0
169,94,2013-01-10 00:02:00,183,261,9,-67.0,921.0
170,95,2013-01-11 00:02:00,184,261,9,-67.0,923.0
171,96,2013-01-12 00:02:00,185,262,9,-67.0,923.0
172,97,2013-01-13 00:02:00,186,263,9,-66.0,922.0
173,98,2013-01-14 00:02:00,187,263,9,-67.0,921.0
174,99,2013-01-15 00:02:00,188,264,9,-68.0,920.0
175,100,2013-01-16 00:02:00,189,265,9,-68.0,920.0
176,102,2013-01-17 00:02:00,190,265,9,-66.0,917.0
177,103,2013-01-18 00:02:00,191,266,9,-67.0,921.0
178,106,2013-01-23 00:02:00,196,269,9,-66.0,916.0
179,107,2013-01-24 00:02:00,197,270,10,-68.0,915.0
180,108,2013-01-25 00:02:00,198,271,10,-67.0,914.0
181,109,2013-01-26 00:02:00,199,271,10,-66.0,917.0
182,116,2013-01-23 00:03:00,223,287,10,-71.0,895.0
183,117,2013-01-24 00:03:00,224,287,10,-69.0,894.0
184,118,2013-01-25 00:03:00,225,288,10,-71.0,894.0
185,119,2013-01-26 00:03:00,226,288,10,-70.0,894.0
186,120,2013-01-27 00:03:00,227,289,10,-70.0,892.0
187,121,2013-01-28 00:03:00,228,290,10,-71.0,894.0
188,122,2013-01-29 00:03:00,229,290,10,-69.0,894.0
189,124,2013-01-30 00:03:00,230,291,10,-69.0,888.0
190,125,2013-01-31 00:03:00,231,292,10,-71.0,890.0
191,126,2013-01-01 00:04:00,232,292,10,-69.0,888.0
192,127,2013-01-02 00:04:00,233,293,10,-69.0,889.0
193,128,2013-01-03 00:04:00,234,293,10,-69.0,890.0
194,129,2013-01-04 00:04:00,235,294,10,-70.0,886.0
195,130,2013-01-05 00:04:00,236,295,10,-72.0,886.0
196,131,2013-01-06 00:04:00,237,295,10,-71.0,883.0
197,132,2013-01-07 00:04:00,238,296,10,-70.0,885.0
198,133,2013-01-08 00:04:00,239,297,10,-73.0,885.0
199,135,2013-01-09 00:04:00,240,297,10,-70.0,884.0
200,136,2013-01-10 00:04:00,241,298,10,-72.0,884.0
201,137,2013-01-11 00:04:00,242,298,10,-70.0,881.0
202,138,2013-01-12 00:04:00,243,299,10,-71.0,884.0
203,139,2013-01-13 00:04:00,244,300,11,-69.0,878.0
204,140,2013-01-14 00:04:00,245,300,11,-70.0,879.0
205,141,2013-01-15 00:04:00,246,301,11,-73.0,878.0
206,142,2013-01-16 00:04:00,247,301,11,-71.0,873.0
207,143,2013-01-17 00:04:00,248,302,11,-70.0,877.0
208,144,2013-01-18 00:04:00,249,303,11,-69.0,873.0
209,146,2013-01-19 00:04:00,250,303,11,-70.0,877.0
210,147,2013-01-20 00:04:00,251,304,11,-71.0,876.0
211,148,2013-01-22 00:04:00,252,304,11,-71.0,874.0
212,149,2013-01-23 00:04:00,253,305,11,-71.0,877.0
213,150,2013-01-24 00:04:00,254,306,11,-70.0,871.0
214,151,2013-01-25 00:04:00,255,306,11,-69.0,877.0
215,152,2013-01-26 00:04:00,256,307,11,-70.0,871.0
216,153,2013-01-27 00:04:00,257,308,11,-70.0,871.0
217,154,2013-01-28 00:04:00,258,308,11,-71.0,869.0
218,155,2013-01-29 00:04:00,259,309,11,-72.0,871.0
219,157,2013-01-30 00:04:00,260,309,11,-70.0,875.0
220,158,2013-01-01 00:05:00,261,310,11,-70.0,868.0
221,161,2013-01-08 00:05:00,268,314,11,-70.0,864.0
222,162,2013-01-09 00:05:00,269,315,11,-72.0,866.0
223,164,2013-01-10 00:05:00,270,315,11,-67.0,863.0
224,165,2013-01-11 00:05:00,271,316,11,-69.0,864.0
225,166,2013-01-12 00:05:00,272,316,11,-71.0,864.0
226,167,2013-01-13 00:05:00,273,317,11,-70.0,861.0
227,168,2013-01-14 00:05:00,274,318,11,-70.0,861.0
228,169,2013-01-15 00:05:00,275,318,11,-67.0,860.0
229,244,2013-01-16 00:05:00,276,319,11,-69.0,858.0
230,245,2013-01-17 00:05:00,277,319,11,-69.0,857.0
231,246,2013-01-18 00:05:00,278,320,11,-67.0,855.0
232,247,2013-01-19 00:05:00,279,321,11,-68.0,856.0
233,248,2013-01-20 00:05:00,280,321,11,-69.0,856.0
234,249,2013-01-21 00:05:00,281,322,11,-68.0,855.0
235,250,2013-01-22 00:05:00,282,322,11,-72.0,856.0
236,251,2013-01-23 00:05:00,283,323,11,-68.0,854.0
237,252,2013-01-24 00:05:00,284,323,11,-71.0,854.0
238,253,2013-01-25 00:05:00,285,324,11,-70.0,852.0
239,254,2013-01-26 00:05:00,286,325,11,-71.0,854.0
240,255,2013-01-27 00:05:00,287,325,11,-72.0,856.0
241,256,2013-01-29 00:05:00,288,326,11,-69.0,854.0
242,257,2013-01-30 00:05:00,289,326,11,-71.0,854.0
243,258,2013-01-31 00:05:00,290,327,11,-71.0,853.0
244,259,2013-01-01 00:06:00,291,327,11,-70.0,853.0
245,260,2013-01-02 00:06:00,292,328,11,-71.0,853.0
246,261,2013-01-03 00:06:00,293,329,11,-72.0,850.0
247,262,2013-01-04 00:06:00,294,329,11,-72.0,852.0
248,263,2013-01-05 00:06:00,295,330,12,-71.0,853.0
249,264,2013-01-06 00:06:00,296,330,12,-71.0,850.0
250,265,2013-01-07 00:06:00,297,331,12,-72.0,849.0
251,266,2013-01-08 00:06:00,298,331,12,-72.0,850.0
252,267,2013-01-09 00:06:00,299,332,12,-71.0,849.0
253,286,2013-01-10 00:06:00,300,333,12,-72.0,852.0
254,276,2013-01-11 00:06:00,301,333,12,-73.0,852.0
255,287,2013-01-12 00:06:00,302,334,12,-71.0,850.0
256,283,2013-01-13 00:06:00,303,334,12,-71.0,849.0
257,281,2013-01-14 00:06:00,304,335,12,-70.0,848.0
258,275,2013-01-15 00:06:00,305,335,12,-71.0,847.0
259,280,2013-01-16 00:06:00,306,336,12,-71.0,848.0
260,279,2013-01-17 00:06:00,307,336,12,-72.0,851.0
261,282,2013-01-18 00:06:00,308,337,12,-73.0,850.0
262,284,2013-01-19 00:06:00,309,338,12,-72.0,848.0
263,278,2013-01-20 00:06:00,310,338,12,-71.0,849.0
264,277,2013-01-21 00:06:00,311,339,12,-74.0,846.0
265,285,2013-01-22 00:06:00,312,339,12,-71.0,845.0
266,274,2013-01-23 00:06:00,313,340,12,-77.0,849.0
267,272,2013-01-24 00:06:00,314,340,12,-73.0,848.0
268,273,2013-01-25 00:06:00,315,341,12,-74.0,850.0
269,288,2013-01-26 00:06:00,316,341,12,-74.0,851.0
270,268,2013-01-27 00:06:00,317,342,12,-72.0,849.0
271,270,2013-01-28 00:06:00,318,342,12,-74.0,849.0
272,271,2013-01-29 00:06:00,319,343,12,-73.0,847.0
273,269,2013-01-30 00:06:00,320,344,12,-74.0,846.0
274,289,2013-01-01 00:07:00,321,344,12,-75.0,847.0
275,291,2013-01-02 00:07:00,322,345,12,-74.0,849.0
276,290,2013-01-03 00:07:00,323,345,12,-74.0,847.0
277,292,2013-01-04 00:07:00,324,346,12,-75.0,850.0
278,294,2013-01-06 00:07:00,325,346,12,-74.0,847.0
279,295,2013-01-07 00:07:00,326,347,12,-72.0,848.0
280,296,2013-01-08 00:07:00,327,347,12,-74.0,848.0
281,293,2013-01-09 00:07:00,328,348,12,-75.0,847.0
282,298,2013-01-10 00:07:00,329,348,12,-74.0,847.0
283,297,2013-01-11 00:07:00,330,349,12,-75.0,848.0
284,303,2013-01-12 00:07:00,331,349,12,-74.0,848.0
285,300,2013-01-13 00:07:00,332,350,12,-76.0,849.0
286,299,2013-01-14 00:07:00,333,350,12,-75.0,849.0
287,301,2013-01-15 00:07:00,334,351,12,-74.0,852.0
288,302,2013-01-16 00:07:00,335,352,12,-76.0,852.0
289,305,2013-01-17 00:07:00,336,352,12,-76.0,852.0
290,304,2013-01-18 00:07:00,337,353,12,-75.0,853.0
291,306,2013-01-19 00:07:00,338,353,12,-78.0,848.0
292,308,2013-01-20 00:07:00,339,354,12,-76.0,849.0
293,307,2013-01-21 00:07:00,340,354,12,-76.0,851.0
294,310,2013-01-22 00:07:00,341,355,12,-77.0,852.0
295,309,2013-01-23 00:07:00,342,355,12,-76.0,851.0
296,311,2013-01-24 00:07:00,343,356,12,-77.0,850.0
297,317,2013-01-25 00:07:00,344,356,12,-77.0,851.0
298,312,2013-01-26 00:07:00,345,357,12,-77.0,853.0
299,314,2013-01-27 00:07:00,346,357,12,-76.0,853.0
300,313,2013-01-28 00:07:00,347,358,12,-77.0,851.0
301,315,2013-01-29 00:07:00,348,358,12,-74.0,850.0
302,316,2013-01-30 00:07:00,349,359,12,-75.0,852.0
303,318,2013-01-31 00:07:00,350,359,12,-76.0,853.0
304,320,2013-01-01 00:08:00,351,0,1,-75.0,853.0
305,319,2013-01-02 00:08:00,352,0,1,-77.0,854.0
306,323,2013-01-03 00:08:00,353,1,1,-75.0,855.0
307,322,2013-01-04 00:08:00,354,1,1,-75.0,857.0
308,321,2013-01-05 00:08:00,355,2,1,-75.0,857.0
309,324,2013-01-06 00:08:00,356,2,1,-77.0,856.0
310,325,2013-01-07 00:08:00,357,3,1,-76.0,857.0
311,326,2013-01-17 00:08:00,366,7,1,-76.0,861.0
312,328,2013-01-18 00:08:00,367,8,1,-76.0,862.0
313,330,2013-01-19 00:08:00,368,8,1,-77.0,863.0
314,331,2013-01-20 00:08:00,369,9,1,-75.0,865.0
315,332,2013-01-21 00:08:00,370,9,1,-79.0,865.0
316,333,2013-01-22 00:08:00,371,10,1,-77.0,865.0
317,334,2013-01-23 00:08:00,372,10,1,-76.0,866.0
318,335,2013-01-24 00:08:00,373,11,1,-79.0,866.0
319,337,2013-01-25 00:08:00,374,11,1,-79.0,866.0
320,336,2013-01-26 00:08:00,375,12,1,-77.0,867.0
321,340,2013-01-27 00:08:00,376,12,1,-78.0,870.0
322,338,2013-01-28 00:08:00,377,13,1,-78.0,870.0
323,339,2013-01-29 00:08:00,378,13,1,-78.0,869.0
324,341,2013-01-30 00:08:00,379,14,1,-79.0,870.0
325,343,2013-01-31 00:08:00,380,14,1,-79.0,870.0
326,345,2013-01-01 00:09:00,381,15,1,-79.0,871.0
327,344,2013-01-02 00:09:00,382,15,1,-76.0,872.0
328,342,2013-01-03 00:09:00,383,16,1,-77.0,874.0
329,346,2013-01-04 00:09:00,384,16,1,-77.0,875.0
330,351,2013-01-05 00:09:00,385,17,1,-78.0,874.0
331,347,2013-01-06 00:09:00,386,17,1,-77.0,873.0
332,349,2013-01-07 00:09:00,387,18,1,-78.0,874.0
333,350,2013-01-08 00:09:00,388,18,1,-79.0,875.0
334,348,2013-01-09 00:09:00,389,19,1,-79.0,875.0
335,352,2013-01-10 00:09:00,390,19,1,-78.0,875.0
336,353,2013-01-11 00:09:00,391,20,1,-78.0,875.0
337,354,2013-01-12 00:09:00,392,20,1,-77.0,876.0
338,355,2013-01-13 00:09:00,393,21,1,-76.0,877.0
339,356,2013-01-14 00:09:00,394,21,1,-79.0,878.0
340,357,2013-01-15 00:09:00,395,22,1,-77.0,878.0
341,358,2013-01-16 00:09:00,396,22,1,-78.0,879.0
342,359,2013-01-18 00:09:00,397,23,1,-75.0,880.0
343,360,2013-01-19 00:09:00,398,23,1,-79.0,880.0
344,361,2013-01-20 00:09:00,399,24,1,-79.0,881.0
345,363,2013-01-21 00:09:00,400,24,1,-79.0,881.0
346,362,2013-01-22 00:09:00,401,25,1,-79.0,882.0
347,365,2013-01-23 00:09:00,402,25,1,-78.0,883.0
348,364,2013-01-24 00:09:00,403,25,1,-80.0,883.0
349,367,2013-01-25 00:09:00,404,26,1,-78.0,884.0
350,366,2013-01-26 00:09:00,405,26,1,-82.0,885.0
351,374,2013-01-27 00:09:00,406,27,1,-81.0,886.0
352,370,2013-01-28 00:09:00,407,27,1,-81.0,887.0
353,369,2013-01-29 00:09:00,408,28,1,-80.0,887.0
354,368,2013-01-30 00:09:00,409,28,1,-81.0,887.0
355,373,2013-01-01 00:10:00,410,29,1,-81.0,888.0
356,372,2013-01-02 00:10:00,411,29,1,-82.0,887.0
357,371,2013-01-03 00:10:00,412,30,2,-80.0,888.0
358,376,2013-01-04 00:10:00,413,30,2,-82.0,888.0
359,375,2013-01-05 00:10:00,414,31,2,-79.0,889.0
360,377,2013-01-06 00:10:00,415,31,2,-82.0,890.0
361,378,2013-01-07 00:10:00,416,32,2,-79.0,889.0
362,379,2013-01-08 00:10:00,417,32,2,-82.0,890.0
363,380,2013-01-09 00:10:00,418,33,2,-79.0,891.0
364,381,2013-01-10 00:10:00,419,33,2,-82.0,891.0
365,385,2013-01-11 00:10:00,420,33,2,-80.0,892.0
366,382,2013-01-12 00:10:00,421,34,2,-81.0,890.0
367,384,2013-01-13 00:10:00,422,34,2,-82.0,891.0
368,383,2013-01-14 00:10:00,423,35,2,-81.0,892.0
369,386,2013-01-15 00:10:00,424,35,2,-81.0,893.0
370,393,2013-01-16 00:10:00,425,36,2,-81.0,893.0
371,388,2013-01-17 00:10:00,426,36,2,-79.0,893.0
372,392,2013-01-18 00:10:00,427,37,2,-81.0,893.0
373,391,2013-01-19 00:10:00,428,37,2,-81.0,894.0
374,387,2013-01-20 00:10:00,429,38,2,-82.0,895.0
375,390,2013-01-21 00:10:00,430,38,2,-82.0,896.0
376,389,2013-01-22 00:10:00,431,39,2,-83.0,895.0
377,395,2013-01-23 00:10:00,432,39,2,-80.0,896.0
378,394,2013-01-24 00:10:00,433,40,2,-81.0,895.0
379,397,2013-01-26 00:10:00,434,40,2,-80.0,896.0
380,396,2013-01-27 00:10:00,435,40,2,-81.0,896.0
381,398,2013-01-28 00:10:00,436,41,2,-81.0,897.0
382,399,2013-01-29 00:10:00,437,41,2,-82.0,898.0
383,400,2013-01-30 00:10:00,438,42,2,-79.0,899.0
384,401,2013-01-31 00:10:00,439,42,2,-80.0,899.0
385,404,2013-01-01 00:11:00,440,43,2,-80.0,899.0
386,402,2013-01-02 00:11:00,441,43,2,-81.0,900.0
387,405,2013-01-03 00:11:00,442,44,2,-80.0,900.0
388,403,2013-01-04 00:11:00,443,44,2,-81.0,901.0
389,407,2013-01-16 00:11:00,455,50,2,-84.0,905.0
390,406,2013-01-17 00:11:00,456,50,2,-83.0,905.0
391,409,2013-01-24 00:11:00,463,53,2,-86.0,906.0
392,410,2013-01-25 00:11:00,464,54,2,-84.0,906.0
393,412,2013-01-26 00:11:00,465,54,2,-85.0,906.0
394,415,2013-01-27 00:11:00,466,55,2,-85.0,907.0
395,411,2013-01-28 00:11:00,467,55,2,-84.0,907.0
396,414,2013-01-29 00:11:00,468,55,2,-85.0,907.0
397,413,2013-01-30 00:11:00,469,56,2,-85.0,908.0
398,475,2013-01-02 00:12:00,470,56,2,-85.0,907.0
399,479,2013-01-03 00:12:00,471,57,2,-84.0,906.0
400,416,2013-01-04 00:12:00,472,57,2,-84.0,907.0
401,417,2013-01-05 00:12:00,473,58,2,-86.0,907.0
402,420,2013-01-06 00:12:00,474,58,2,-84.0,906.0
403,419,2013-01-07 00:12:00,475,59,2,-85.0,906.0
404,418,2013-01-08 00:12:00,476,59,2,-85.0,906.0
405,421,2013-01-09 00:12:00,477,60,3,-85.0,907.0
406,422,2013-01-18 00:12:00,486,64,3,-84.0,904.0
407,473,2013-01-19 00:12:00,487,64,3,-85.0,904.0
408,480,2013-01-20 00:12:00,488,64,3,-87.0,903.0
409,423,2013-01-21 00:12:00,489,65,3,-85.0,904.0
410,434,2013-01-22 00:12:00,490,65,3,-87.0,903.0
411,433,2013-01-23 00:12:00,491,66,3,-86.0,903.0
412,427,2013-01-24 00:12:00,492,66,3,-86.0,903.0
413,426,2013-01-25 00:12:00,493,67,3,-84.0,902.0
414,429,2013-01-26 00:12:00,494,67,3,-85.0,902.0
415,431,2013-01-27 00:12:00,495,68,3,-86.0,900.0
416,428,2013-01-28 00:12:00,496,68,3,-85.0,901.0
417,425,2013-01-29 00:12:00,497,69,3,-86.0,901.0
418,424,2013-01-30 00:12:00,498,69,3,-86.0,901.0
419,432,2013-01-31 00:12:00,499,69,3,-84.0,899.0
420,430,2014-01-01 00:01:00,500,70,3,-85.0,897.0
421,435,2014-01-02 00:01:00,501,70,3,-86.0,898.0
422,437,2014-01-03 00:01:00,502,71,3,-87.0,898.0
423,483,2014-01-04 00:01:00,503,71,3,-86.0,897.0
424,436,2014-01-05 00:01:00,504,72,3,-85.0,895.0
425,438,2014-01-06 00:01:00,505,72,3,-85.0,895.0
426,439,2014-01-08 00:01:00,506,73,3,-86.0,894.0
427,440,2014-01-09 00:01:00,507,73,3,-85.0,894.0
428,442,2014-01-10 00:01:00,508,73,3,-83.0,893.0
429,443,2014-01-11 00:01:00,509,74,3,-86.0,895.0
430,441,2014-01-12 00:01:00,510,74,3,-85.0,892.0
431,446,2014-01-13 00:01:00,511,75,3,-85.0,892.0
432,444,2014-01-14 00:01:00,512,75,3,-86.0,890.0
433,445,2014-01-15 00:01:00,513,76,3,-86.0,889.0
434,447,2014-01-16 00:01:00,514,76,3,-86.0,888.0
435,450,2014-01-17 00:01:00,515,77,3,-86.0,888.0
436,449,2014-01-18 00:01:00,516,77,3,-86.0,888.0
437,448,2014-01-19 00:01:00,517,77,3,-86.0,885.0
438,451,2014-01-20 00:01:00,518,78,3,-85.0,885.0
439,452,2014-01-21 00:01:00,519,78,3,-86.0,884.0
440,453,2014-01-22 00:01:00,520,79,3,-86.0,884.0
441,454,2014-01-23 00:01:00,521,79,3,-87.0,882.0
442,455,2014-01-24 00:01:00,522,80,3,-85.0,881.0
443,458,2014-01-25 00:01:00,523,80,3,-85.0,881.0
444,457,2014-01-26 00:01:00,524,81,3,-85.0,880.0
445,456,2014-01-27 00:01:00,525,81,3,-87.0,878.0
446,459,2014-01-28 00:01:00,526,82,3,-87.0,878.0
447,460,2014-01-29 00:01:00,527,82,3,-86.0,877.0
448,461,2014-01-30 00:01:00,528,82,3,-86.0,876.0
449,462,2014-01-31 00:01:00,529,83,3,-87.0,875.0
450,463,2014-01-01 00:02:00,530,83,3,-87.0,873.0
451,465,2014-01-02 00:02:00,531,84,3,-87.0,872.0
452,464,2014-01-03 00:02:00,532,84,3,-88.0,872.0
453,466,2014-01-04 00:02:00,533,85,3,-87.0,871.0
454,467,2014-01-05 00:02:00,534,85,3,-86.0,869.0
455,468,2014-01-06 00:02:00,535,86,3,-88.0,868.0
456,470,2014-01-07 00:02:00,536,86,3,-83.0,867.0
457,469,2014-01-08 00:02:00,537,86,3,-83.0,865.0
458,472,2014-01-09 00:02:00,538,87,3,-85.0,865.0
459,476,2014-01-10 00:02:00,539,87,3,-85.0,864.0
460,481,2014-01-11 00:02:00,540,88,3,-84.0,862.0
461,482,2014-01-12 00:02:00,541,88,3,-84.0,861.0
462,477,2014-01-13 00:02:00,542,89,3,-85.0,859.0
463,486,2014-01-15 00:02:00,543,89,3,-84.0,858.0
464,487,2014-01-16 00:02:00,544,90,4,-86.0,857.0
465,490,2014-01-17 00:02:00,545,90,4,-85.0,856.0
466,489,2014-01-18 00:02:00,546,91,4,-85.0,855.0
467,488,2014-01-19 00:02:00,547,91,4,-85.0,853.0
468,491,2014-01-20 00:02:00,548,91,4,-86.0,852.0
469,492,2014-01-21 00:02:00,549,92,4,-87.0,851.0
470,494,2014-01-22 00:02:00,550,92,4,-85.0,850.0
471,495,2014-01-23 00:02:00,551,93,4,-85.0,848.0
472,493,2014-01-24 00:02:00,552,93,4,-86.0,847.0
473,496,2014-01-25 00:02:00,553,94,4,-84.0,845.0
474,497,2014-01-26 00:02:00,554,94,4,-84.0,843.0
475,499,2014-01-27 00:02:00,555,95,4,-85.0,843.0
476,501,2014-01-28 00:02:00,556,95,4,-85.0,842.0
477,498,2014-01-01 00:03:00,557,96,4,-85.0,840.0
478,500,2014-01-02 00:03:00,558,96,4,-85.0,839.0
479,502,2014-01-03 00:03:00,559,96,4,-85.0,838.0
480,503,2014-01-04 00:03:00,560,97,4,-86.0,836.0
481,504,2014-01-05 00:03:00,561,97,4,-85.0,835.0
482,506,2014-01-06 00:03:00,562,98,4,-85.0,834.0
483,505,2014-01-07 00:03:00,563,98,4,-87.0,833.0
484,509,2014-01-08 00:03:00,564,99,4,-86.0,831.0
485,508,2014-01-09 00:03:00,565,99,4,-85.0,830.0
486,507,2014-01-10 00:03:00,566,100,4,-86.0,829.0
487,510,2014-01-11 00:03:00,567,100,4,-86.0,827.0
488,511,2014-01-12 00:03:00,568,101,4,-86.0,825.0
489,512,2014-01-13 00:03:00,569,101,4,-85.0,825.0
490,513,2014-01-14 00:03:00,570,102,4,-84.0,823.0
491,515,2014-01-15 00:03:00,571,102,4,-84.0,821.0
492,514,2014-01-16 00:03:00,572,102,4,-85.0,820.0
493,516,2014-01-17 00:03:00,573,103,4,-84.0,819.0
494,517,2014-01-18 00:03:00,574,103,4,-85.0,817.0
495,518,2014-01-19 00:03:00,575,104,4,-82.0,816.0
496,520,2014-01-20 00:03:00,576,104,4,-84.0,815.0
497,519,2014-01-21 00:03:00,577,105,4,-84.0,813.0
498,521,2014-01-22 00:03:00,578,105,4,-83.0,812.0
499,522,2014-01-24 00:03:00,579,106,4,-82.0,811.0
500,523,2014-01-25 00:03:00,580,106,4,-83.0,810.0
501,524,2014-01-26 00:03:00,581,107,4,-84.0,808.0
502,525,2014-01-27 00:03:00,582,107,4,-84.0,807.0
503,526,2014-01-28 00:03:00,583,108,4,-82.0,806.0
504,528,2014-01-29 00:03:00,584,108,4,-82.0,804.0
505,527,2014-01-30 00:03:00,585,109,4,-83.0,802.0
506,529,2014-01-31 00:03:00,586,109,4,-82.0,802.0
507,530,2014-01-01 00:04:00,587,109,4,-85.0,801.0
508,532,2014-01-02 00:04:00,588,110,4,-84.0,799.0
509,531,2014-01-03 00:04:00,589,110,4,-85.0,798.0
510,535,2014-01-04 00:04:00,590,111,4,-82.0,797.0
511,533,2014-01-05 00:04:00,591,111,4,-82.0,795.0
512,534,2014-01-06 00:04:00,592,112,4,-83.0,795.0
513,536,2014-01-07 00:04:00,593,112,4,-83.0,795.0
514,537,2014-01-08 00:04:00,594,113,4,-83.0,793.0
515,538,2014-01-09 00:04:00,595,113,4,-83.0,792.0
516,539,2014-01-10 00:04:00,596,114,4,-82.0,791.0
517,540,2014-01-11 00:04:00,597,114,4,-84.0,790.0
518,542,2014-01-12 00:04:00,598,115,4,-84.0,787.0
519,543,2014-01-13 00:04:00,599,115,4,-84.0,788.0
520,541,2014-01-14 00:04:00,600,116,4,-81.0,787.0
521,544,2014-01-15 00:04:00,601,116,4,-82.0,785.0
522,545,2014-01-16 00:04:00,602,117,4,-82.0,784.0
523,548,2014-01-17 00:04:00,603,117,4,-83.0,783.0
524,546,2014-01-18 00:04:00,604,118,4,-84.0,782.0
525,547,2014-01-19 00:04:00,605,118,4,-83.0,781.0
526,549,2014-01-20 00:04:00,606,118,4,-84.0,780.0
527,550,2014-01-21 00:04:00,607,119,4,-83.0,779.0
528,551,2014-01-22 00:04:00,608,119,4,-85.0,777.0
529,552,2014-01-23 00:04:00,609,120,5,-84.0,777.0
530,554,2014-01-24 00:04:00,610,120,5,-85.0,776.0
531,555,2014-01-25 00:04:00,611,121,5,-84.0,775.0
532,553,2014-01-26 00:04:00,612,121,5,-85.0,774.0
533,556,2014-01-27 00:04:00,613,122,5,-84.0,773.0
534,557,2014-01-28 00:04:00,614,122,5,-82.0,772.0
535,558,2014-01-29 00:04:00,615,123,5,-83.0,771.0
536,559,2014-01-01 00:05:00,616,123,5,-82.0,769.0
537,561,2014-01-02 00:05:00,617,124,5,-84.0,769.0
538,562,2014-01-03 00:05:00,618,124,5,-83.0,769.0
539,560,2014-01-04 00:05:00,619,125,5,-82.0,766.0
540,563,2014-01-05 00:05:00,620,125,5,-83.0,765.0
541,564,2014-01-06 00:05:00,621,126,5,-82.0,765.0
542,565,2014-01-07 00:05:00,622,126,5,-84.0,763.0
543,566,2014-01-08 00:05:00,623,127,5,-83.0,763.0
544,568,2014-01-09 00:05:00,624,127,5,-82.0,762.0
545,569,2014-01-10 00:05:00,625,128,5,-81.0,761.0
546,567,2014-01-11 00:05:00,626,128,5,-82.0,760.0
547,570,2014-01-12 00:05:00,627,129,5,-82.0,759.0
548,571,2014-01-13 00:05:00,628,129,5,-81.0,759.0
549,572,2014-01-14 00:05:00,629,130,5,-84.0,759.0
550,573,2014-01-15 00:05:00,630,130,5,-82.0,757.0
551,576,2014-01-16 00:05:00,631,131,5,-81.0,756.0
552,575,2014-01-17 00:05:00,632,131,5,-79.0,755.0
553,574,2014-01-18 00:05:00,633,132,5,-81.0,754.0
554,577,2014-01-19 00:05:00,634,132,5,-82.0,753.0
555,578,2014-01-20 00:05:00,635,133,5,-82.0,754.0
556,582,2014-01-21 00:05:00,636,133,5,-81.0,752.0
557,580,2014-01-22 00:05:00,637,134,5,-80.0,752.0
558,579,2014-01-23 00:05:00,638,134,5,-80.0,751.0
559,581,2014-01-24 00:05:00,639,135,5,-80.0,750.0
560,583,2014-01-25 00:05:00,640,135,5,-81.0,750.0
561,584,2014-01-26 00:05:00,641,136,5,-81.0,749.0
562,585,2014-01-27 00:05:00,642,136,5,-80.0,749.0
563,586,2014-01-28 00:05:00,643,137,5,-80.0,748.0
564,588,2014-01-29 00:05:00,644,137,5,-80.0,748.0
565,589,2014-01-30 00:05:00,645,138,5,-81.0,746.0
566,587,2014-01-31 00:05:00,646,138,5,-81.0,746.0
567,590,2014-01-01 00:06:00,647,139,5,-79.0,746.0
568,591,2014-01-02 00:06:00,648,139,5,-80.0,746.0
569,592,2014-01-03 00:06:00,649,140,5,-79.0,745.0
570,593,2014-01-04 00:06:00,650,140,5,-80.0,743.0
571,595,2014-01-05 00:06:00,651,141,5,-80.0,743.0
572,594,2014-01-07 00:06:00,652,141,5,-79.0,745.0
573,596,2014-01-08 00:06:00,653,142,5,-80.0,744.0
574,597,2014-01-09 00:06:00,654,142,5,-79.0,742.0
575,598,2014-01-10 00:06:00,655,143,5,-77.0,741.0
576,599,2014-01-11 00:06:00,656,143,5,-80.0,740.0
577,600,2014-01-12 00:06:00,657,144,5,-79.0,739.0
578,602,2014-01-13 00:06:00,658,144,5,-79.0,739.0
579,603,2014-01-14 00:06:00,659,145,5,-77.0,738.0
580,601,2014-01-15 00:06:00,660,145,5,-78.0,735.0
581,604,2014-01-16 00:06:00,661,146,5,-76.0,735.0
582,605,2014-01-17 00:06:00,662,146,5,-77.0,735.0
583,609,2014-01-18 00:06:00,663,147,5,-77.0,734.0
584,607,2014-01-19 00:06:00,664,147,5,-78.0,732.0
585,610,2014-01-20 00:06:00,665,148,5,-78.0,735.0
586,608,2014-01-21 00:06:00,666,148,5,-77.0,736.0
587,606,2014-01-22 00:06:00,667,149,5,-76.0,736.0
588,611,2014-01-23 00:06:00,668,150,6,-75.0,734.0
589,613,2014-01-24 00:06:00,669,150,6,-84.0,735.0
590,612,2014-01-25 00:06:00,670,151,6,-79.0,737.0
591,614,2014-01-26 00:06:00,671,151,6,-79.0,740.0
592,615,2014-01-27 00:06:00,672,152,6,-78.0,739.0
593,616,2014-01-28 00:06:00,673,152,6,-78.0,738.0
594,617,2014-01-29 00:06:00,674,153,6,-80.0,739.0
595,618,2014-01-30 00:06:00,675,153,6,-80.0,740.0
596,619,2014-01-01 00:07:00,676,154,6,-80.0,738.0
597,622,2014-01-02 00:07:00,677,154,6,-78.0,737.0
598,621,2014-01-03 00:07:00,678,155,6,-77.0,739.0
599,624,2014-01-04 00:07:00,679,155,6,-77.0,738.0
600,620,2014-01-05 00:07:00,680,156,6,-76.0,740.0
601,623,2014-01-06 00:07:00,681,156,6,-79.0,738.0
602,625,2014-01-07 00:07:00,682,157,6,-77.0,739.0
603,626,2014-01-08 00:07:00,683,158,6,-79.0,741.0
604,627,2014-01-09 00:07:00,684,158,6,-75.0,741.0
605,628,2014-01-10 00:07:00,685,159,6,-77.0,740.0
606,629,2014-01-11 00:07:00,686,159,6,-76.0,738.0
607,630,2014-01-12 00:07:00,687,160,6,-77.0,739.0
608,631,2014-01-14 00:07:00,688,160,6,-77.0,741.0
609,632,2014-01-15 00:07:00,689,161,6,-76.0,742.0
610,633,2014-01-16 00:07:00,690,161,6,-77.0,741.0
611,634,2014-01-17 00:07:00,691,162,6,-76.0,741.0
612,637,2014-01-18 00:07:00,692,162,6,-76.0,742.0
613,636,2014-01-19 00:07:00,693,163,6,-76.0,741.0
614,635,2014-01-20 00:07:00,694,164,6,-75.0,740.0
615,638,2014-01-21 00:07:00,695,164,6,-76.0,741.0
616,639,2014-01-22 00:07:00,696,165,6,-75.0,743.0
617,640,2014-01-23 00:07:00,697,165,6,-74.0,743.0
618,641,2014-01-24 00:07:00,698,166,6,-77.0,743.0
619,642,2014-01-25 00:07:00,699,166,6,-76.0,744.0
620,643,2014-01-26 00:07:00,700,167,6,-75.0,745.0
621,644,2014-01-27 00:07:00,701,167,6,-77.0,745.0
622,645,2014-01-28 00:07:00,702,168,6,-76.0,745.0
623,646,2014-01-29 00:07:00,703,169,6,-75.0,747.0
624,647,2014-01-30 00:07:00,704,169,6,-75.0,747.0
625,648,2014-01-31 00:07:00,705,170,6,-76.0,746.0
626,650,2014-01-01 00:08:00,706,170,6,-76.0,748.0
627,651,2014-01-02 00:08:00,707,171,6,-76.0,749.0
628,649,2014-01-03 00:08:00,708,171,6,-76.0,749.0
629,652,2014-01-04 00:08:00,709,172,6,-73.0,750.0
630,653,2014-01-05 00:08:00,710,172,6,-77.0,751.0
631,654,2014-01-06 00:08:00,711,173,6,-75.0,751.0
632,658,2014-01-07 00:08:00,712,174,6,-77.0,752.0
633,656,2014-01-08 00:08:00,713,174,6,-76.0,754.0
634,655,2014-01-09 00:08:00,714,175,6,-76.0,754.0
635,657,2014-01-10 00:08:00,715,175,6,-73.0,755.0
636,659,2014-01-11 00:08:00,716,176,6,-75.0,755.0
637,661,2014-01-12 00:08:00,717,176,6,-76.0,756.0
638,660,2014-01-13 00:08:00,718,177,6,-77.0,757.0
639,662,2014-01-14 00:08:00,719,178,6,-77.0,758.0
640,663,2014-01-15 00:08:00,720,178,6,-74.0,760.0
641,664,2014-01-16 00:08:00,721,179,6,-73.0,761.0
642,665,2014-01-17 00:08:00,722,179,6,-74.0,760.0
643,666,2014-01-18 00:08:00,723,180,7,-73.0,761.0
644,667,2014-01-19 00:08:00,724,181,7,-74.0,763.0
645,669,2014-01-21 00:08:00,725,181,7,-73.0,764.0
646,668,2014-01-22 00:08:00,726,182,7,-75.0,766.0
647,671,2014-01-23 00:08:00,727,182,7,-76.0,766.0
648,670,2014-01-24 00:08:00,728,183,7,-74.0,766.0
649,672,2014-01-25 00:08:00,729,183,7,-75.0,768.0
650,676,2014-01-26 00:08:00,730,184,7,-76.0,770.0
651,673,2014-01-27 00:08:00,731,185,7,-75.0,771.0
652,677,2014-01-28 00:08:00,732,185,7,-75.0,773.0
653,674,2014-01-29 00:08:00,733,186,7,-74.0,773.0
654,675,2014-01-30 00:08:00,734,186,7,-73.0,776.0
655,678,2014-01-31 00:08:00,735,187,7,-73.0,776.0
656,679,2014-01-01 00:09:00,736,188,7,-76.0,776.0
657,680,2014-01-02 00:09:00,737,188,7,-74.0,777.0
658,681,2014-01-03 00:09:00,738,189,7,-75.0,778.0
659,682,2014-01-04 00:09:00,739,189,7,-77.0,779.0
660,685,2014-01-05 00:09:00,740,190,7,-76.0,782.0
661,683,2014-01-06 00:09:00,741,191,7,-70.0,784.0
662,684,2014-01-07 00:09:00,742,191,7,-72.0,784.0
663,686,2014-01-08 00:09:00,743,192,7,-72.0,786.0
664,687,2014-01-09 00:09:00,744,192,7,-75.0,786.0
665,689,2014-01-10 00:09:00,745,193,7,-74.0,787.0
666,688,2014-01-11 00:09:00,746,194,7,-76.0,788.0
667,691,2014-01-12 00:09:00,747,194,7,-73.0,789.0
668,690,2014-01-13 00:09:00,748,195,7,-71.0,791.0
669,692,2014-01-14 00:09:00,749,195,7,-73.0,794.0
670,693,2014-01-15 00:09:00,750,196,7,-72.0,796.0
671,695,2014-01-16 00:09:00,751,197,7,-72.0,797.0
672,694,2014-01-17 00:09:00,752,197,7,-71.0,798.0
673,698,2014-01-18 00:09:00,753,198,7,-73.0,800.0
674,696,2014-01-19 00:09:00,754,198,7,-73.0,802.0
675,697,2014-01-20 00:09:00,755,199,7,-74.0,806.0
676,699,2014-01-21 00:09:00,756,200,7,-73.0,806.0
677,700,2014-01-22 00:09:00,757,200,7,-73.0,807.0
678,701,2014-01-23 00:09:00,758,201,7,-71.0,810.0
679,702,2014-01-24 00:09:00,759,201,7,-77.0,809.0
680,704,2014-01-25 00:09:00,760,202,7,-70.0,810.0
681,705,2014-01-27 00:09:00,761,203,7,-72.0,814.0
682,703,2014-01-28 00:09:00,762,203,7,-75.0,814.0
683,706,2014-01-29 00:09:00,763,204,7,-78.0,817.0
684,707,2014-01-30 00:09:00,764,205,7,-73.0,821.0
685,708,2014-01-01 00:10:00,765,205,7,-73.0,820.0
686,709,2014-01-02 00:10:00,766,206,7,-70.0,824.0
687,710,2014-01-03 00:10:00,767,206,7,-71.0,824.0
688,712,2014-01-04 00:10:00,768,207,7,-73.0,826.0
689,711,2014-01-05 00:10:00,769,208,7,-73.0,829.0
690,713,2014-01-06 00:10:00,770,208,7,-70.0,829.0
691,714,2014-01-07 00:10:00,771,209,7,-71.0,836.0
692,715,2014-01-08 00:10:00,772,210,8,-71.0,835.0
693,716,2014-01-09 00:10:00,773,210,8,-70.0,838.0
694,719,2014-01-10 00:10:00,774,211,8,-73.0,838.0
695,717,2014-01-11 00:10:00,775,211,8,-71.0,838.0
696,718,2014-01-12 00:10:00,776,212,8,-72.0,841.0
697,720,2014-01-13 00:10:00,777,213,8,-72.0,841.0
698,721,2014-01-14 00:10:00,778,213,8,-70.0,846.0
699,722,2014-01-15 00:10:00,779,214,8,-71.0,845.0
700,723,2014-01-16 00:10:00,780,215,8,-72.0,852.0
701,725,2014-01-17 00:10:00,781,215,8,-74.0,849.0
702,724,2014-01-18 00:10:00,782,216,8,-71.0,854.0
703,727,2014-01-19 00:10:00,783,216,8,-69.0,853.0
704,726,2014-01-20 00:10:00,784,217,8,-69.0,857.0
705,728,2014-01-21 00:10:00,785,218,8,-74.0,858.0
706,729,2014-01-22 00:10:00,786,218,8,-74.0,861.0
707,732,2014-01-23 00:10:00,787,219,8,-73.0,860.0
708,731,2014-01-24 00:10:00,788,220,8,-68.0,862.0
709,730,2014-01-25 00:10:00,789,220,8,-68.0,862.0
710,733,2014-01-26 00:10:00,790,221,8,-68.0,864.0
711,734,2014-01-27 00:10:00,791,222,8,-70.0,867.0
712,735,2014-01-28 00:10:00,792,222,8,-71.0,873.0
713,736,2014-01-29 00:10:00,793,223,8,-71.0,877.0
714,739,2014-01-30 00:10:00,794,223,8,-68.0,874.0
715,738,2014-01-31 00:10:00,795,224,8,-68.0,875.0
716,737,2014-01-01 00:11:00,796,225,8,-65.0,877.0
717,740,2014-01-03 00:11:00,797,225,8,-65.0,879.0
718,741,2014-01-04 00:11:00,798,226,8,-67.0,883.0
719,743,2014-01-05 00:11:00,799,227,8,-70.0,884.0
720,742,2014-01-06 00:11:00,800,227,8,-67.0,884.0
721,746,2014-01-07 00:11:00,801,228,8,-70.0,884.0
722,745,2014-01-08 00:11:00,802,229,8,-69.0,887.0
723,744,2014-01-09 00:11:00,803,229,8,-69.0,888.0
724,747,2014-01-10 00:11:00,804,230,8,-73.0,891.0
725,748,2014-01-11 00:11:00,805,231,8,-70.0,893.0
726,750,2014-01-12 00:11:00,806,231,8,-69.0,893.0
727,749,2014-01-13 00:11:00,807,232,8,-71.0,892.0
728,752,2014-01-14 00:11:00,808,232,8,-67.0,893.0
729,753,2014-01-15 00:11:00,809,233,8,-70.0,895.0
730,751,2014-01-16 00:11:00,810,234,8,-69.0,897.0
731,754,2014-01-17 00:11:00,811,234,8,-71.0,900.0
732,755,2014-01-18 00:11:00,812,235,8,-75.0,902.0
733,756,2014-01-19 00:11:00,813,236,8,-67.0,904.0
734,757,2014-01-20 00:11:00,814,236,8,-68.0,902.0
735,759,2014-01-21 00:11:00,815,237,8,-69.0,905.0
736,758,2014-01-22 00:11:00,816,238,8,-74.0,909.0
737,761,2014-01-23 00:11:00,817,238,8,-69.0,913.0
738,760,2014-01-24 00:11:00,818,239,8,-68.0,914.0
739,763,2014-01-25 00:11:00,819,240,9,-71.0,913.0
740,765,2014-01-26 00:11:00,820,240,9,-68.0,910.0
741,762,2014-01-27 00:11:00,821,241,9,-68.0,910.0
742,764,2014-01-28 00:11:00,822,242,9,-71.0,911.0
743,766,2014-01-29 00:11:00,823,242,9,-69.0,912.0
744,768,2014-01-30 00:11:00,824,243,9,-67.0,914.0
745,767,2014-01-01 00:12:00,825,243,9,-67.0,914.0
746,770,2014-01-02 00:12:00,826,244,9,-68.0,914.0
747,769,2014-01-03 00:12:00,827,245,9,-68.0,911.0
748,771,2014-01-04 00:12:00,828,245,9,-71.0,914.0
749,773,2014-01-05 00:12:00,829,246,9,-71.0,914.0
750,772,2014-01-06 00:12:00,830,247,9,-68.0,918.0
751,774,2014-01-07 00:12:00,831,247,9,-68.0,920.0
752,775,2014-01-08 00:12:00,832,248,9,-68.0,924.0
753,776,2014-01-09 00:12:00,833,249,9,-69.0,923.0
754,777,2014-01-11 00:12:00,834,249,9,-68.0,918.0
755,780,2014-01-12 00:12:00,835,250,9,-69.0,917.0
756,778,2014-01-13 00:12:00,836,251,9,-69.0,916.0
757,779,2014-01-14 00:12:00,837,251,9,-69.0,916.0
758,782,2014-01-15 00:12:00,838,252,9,-69.0,917.0
759,781,2014-01-16 00:12:00,839,253,9,-70.0,917.0
760,783,2014-01-17 00:12:00,840,253,9,-74.0,913.0
761,784,2014-01-18 00:12:00,841,254,9,-75.0,914.0
762,790,2014-01-19 00:12:00,842,255,9,-69.0,914.0
763,793,2014-01-20 00:12:00,843,255,9,-69.0,916.0
764,788,2014-01-21 00:12:00,844,256,9,-68.0,917.0
765,786,2014-01-22 00:12:00,845,257,9,-73.0,920.0
766,785,2014-01-23 00:12:00,846,257,9,-74.0,925.0
767,791,2014-01-24 00:12:00,847,258,9,-69.0,918.0
768,792,2014-01-25 00:12:00,848,258,9,-69.0,918.0
769,787,2014-01-26 00:12:00,849,259,9,-69.0,918.0
770,789,2014-01-27 00:12:00,850,260,9,-68.0,918.0
771,794,2014-01-28 00:12:00,851,260,9,-68.0,919.0
772,797,2014-01-29 00:12:00,852,261,9,-73.0,916.0
773,796,2014-01-30 00:12:00,853,262,9,-67.0,913.0
774,798,2014-01-31 00:12:00,854,262,9,-66.0,910.0
775,799,2015-01-01 00:01:00,855,263,9,-69.0,912.0
776,795,2015-01-02 00:01:00,856,264,9,-68.0,912.0
777,801,2015-01-03 00:01:00,857,264,9,-76.0,911.0
778,800,2015-01-04 00:01:00,858,265,9,-73.0,913.0
779,802,2015-01-05 00:01:00,859,266,9,-72.0,915.0
780,803,2015-01-06 00:01:00,860,266,9,-69.0,916.0
781,804,2015-01-07 00:01:00,861,267,9,-70.0,917.0
782,807,2015-01-08 00:01:00,862,268,9,-70.0,917.0
783,805,2015-01-09 00:01:00,863,268,9,-72.0,916.0
784,806,2015-01-10 00:01:00,864,269,9,-70.0,914.0
785,808,2015-01-11 00:01:00,865,270,10,-70.0,913.0
786,809,2015-01-12 00:01:00,866,270,10,-71.0,911.0
787,810,2015-01-13 00:01:00,867,271,10,-71.0,910.0
788,811,2015-01-14 00:01:00,868,271,10,-71.0,908.0
789,812,2015-01-15 00:01:00,869,272,10,-72.0,906.0
790,813,2015-01-17 00:01:00,870,273,10,-74.0,909.0
791,814,2015-01-18 00:01:00,871,273,10,-70.0,903.0
792,815,2015-01-19 00:01:00,872,274,10,-72.0,902.0
793,817,2015-01-28 00:01:00,881,280,10,-73.0,899.0
794,818,2015-01-29 00:01:00,882,280,10,-76.0,901.0
795,820,2015-01-30 00:01:00,883,281,10,-74.0,897.0
796,821,2015-01-31 00:01:00,884,282,10,-71.0,897.0
797,819,2015-01-01 00:02:00,885,282,10,-71.0,895.0
798,823,2015-01-02 00:02:00,886,283,10,-73.0,894.0
799,822,2015-01-03 00:02:00,887,284,10,-73.0,897.0
800,824,2015-01-04 00:02:00,888,284,10,-70.0,896.0
801,825,2015-01-05 00:02:00,889,285,10,-70.0,895.0
802,826,2015-01-06 00:02:00,890,286,10,-72.0,892.0
803,827,2015-01-07 00:02:00,891,286,10,-72.0,892.0
804,828,2015-01-08 00:02:00,892,287,10,-71.0,892.0
805,829,2015-01-09 00:02:00,893,287,10,-72.0,890.0
806,830,2015-01-10 00:02:00,894,288,10,-75.0,891.0
807,831,2015-01-11 00:02:00,895,289,10,-72.0,889.0
808,833,2015-01-12 00:02:00,896,289,10,-70.0,888.0
809,832,2015-01-13 00:02:00,897,290,10,-72.0,884.0
810,834,2015-01-14 00:02:00,898,291,10,-72.0,883.0
811,835,2015-01-15 00:02:00,899,291,10,-75.0,881.0
812,836,2015-01-16 00:02:00,900,292,10,-70.0,883.0
813,837,2015-01-17 00:02:00,901,292,10,-71.0,885.0
814,838,2015-01-18 00:02:00,902,293,10,-68.0,883.0
815,839,2015-01-19 00:02:00,903,294,10,-71.0,882.0
816,841,2015-01-20 00:02:00,904,294,10,-71.0,878.0
817,840,2015-01-21 00:02:00,905,295,10,-71.0,880.0
818,843,2015-01-22 00:02:00,906,296,10,-76.0,878.0
819,842,2015-01-24 00:02:00,907,296,10,-75.0,879.0
820,844,2015-01-25 00:02:00,908,297,10,-71.0,883.0
821,845,2015-01-26 00:02:00,909,297,10,-70.0,878.0
822,847,2015-01-27 00:02:00,910,298,10,-73.0,878.0
823,846,2015-01-28 00:02:00,911,299,10,-70.0,874.0
824,849,2015-01-01 00:03:00,912,299,10,-75.0,875.0
825,848,2015-01-02 00:03:00,913,300,11,-71.0,871.0
826,850,2015-01-03 00:03:00,914,300,11,-71.0,874.0
827,851,2015-01-04 00:03:00,915,301,11,-71.0,878.0
828,852,2015-01-05 00:03:00,916,302,11,-71.0,872.0
829,854,2015-01-06 00:03:00,917,302,11,-76.0,871.0
830,853,2015-01-07 00:03:00,918,303,11,-71.0,867.0
831,855,2015-01-08 00:03:00,919,304,11,-74.0,870.0
832,856,2015-01-09 00:03:00,920,304,11,-72.0,868.0
833,857,2015-01-10 00:03:00,921,305,11,-70.0,867.0
834,858,2015-01-11 00:03:00,922,305,11,-73.0,870.0
835,859,2015-01-12 00:03:00,923,306,11,-72.0,867.0
836,861,2015-01-13 00:03:00,924,307,11,-74.0,867.0
837,860,2015-01-14 00:03:00,925,307,11,-71.0,862.0
838,862,2015-01-15 00:03:00,926,308,11,-76.0,864.0
839,863,2015-01-16 00:03:00,927,308,11,-76.0,862.0
840,864,2015-01-17 00:03:00,928,309,11,-72.0,862.0
841,865,2015-01-18 00:03:00,929,310,11,-75.0,866.0
842,868,2015-01-19 00:03:00,930,310,11,-75.0,865.0
843,867,2015-01-20 00:03:00,931,311,11,-69.0,864.0
844,866,2015-01-21 00:03:00,932,311,11,-71.0,859.0
845,869,2015-01-22 00:03:00,933,312,11,-71.0,863.0
846,870,2015-01-23 00:03:00,934,313,11,-73.0,858.0
847,872,2015-01-24 00:03:00,935,313,11,-75.0,862.0
848,871,2015-01-25 00:03:00,936,314,11,-72.0,865.0
849,874,2015-01-26 00:03:00,937,314,11,-73.0,863.0
850,876,2015-01-29 00:03:00,940,316,11,-73.0,861.0
851,875,2015-01-30 00:03:00,941,317,11,-74.0,857.0
852,880,2015-01-31 00:03:00,942,317,11,-74.0,857.0
853,877,2015-01-02 00:04:00,943,318,11,-73.0,854.0
854,878,2015-01-03 00:04:00,944,318,11,-70.0,852.0
855,881,2015-01-04 00:04:00,945,319,11,-72.0,851.0
856,879,2015-01-05 00:04:00,946,320,11,-77.0,850.0
857,882,2015-01-06 00:04:00,947,320,11,-70.0,853.0
858,883,2015-01-07 00:04:00,948,321,11,-73.0,854.0
859,884,2015-01-08 00:04:00,949,321,11,-72.0,851.0
860,885,2015-01-09 00:04:00,950,322,11,-73.0,850.0
861,888,2015-01-10 00:04:00,951,323,11,-75.0,849.0
862,886,2015-01-11 00:04:00,952,323,11,-69.0,847.0
863,887,2015-01-12 00:04:00,953,324,11,-71.0,847.0
864,889,2015-01-13 00:04:00,954,324,11,-73.0,847.0
865,892,2015-01-17 00:04:00,958,327,11,-74.0,848.0
866,891,2015-01-18 00:04:00,959,327,11,-78.0,846.0
867,893,2015-01-19 00:04:00,960,328,11,-76.0,846.0
868,895,2015-01-20 00:04:00,961,328,11,-71.0,849.0
869,894,2015-01-21 00:04:00,962,329,11,-73.0,845.0
870,896,2015-01-22 00:04:00,963,329,11,-71.0,850.0
871,897,2015-01-23 00:04:00,964,330,12,-72.0,847.0
872,898,2015-01-24 00:04:00,965,331,12,-75.0,847.0
873,900,2015-01-25 00:04:00,966,331,12,-73.0,850.0
874,899,2015-01-26 00:04:00,967,332,12,-74.0,844.0
875,901,2015-01-27 00:04:00,968,332,12,-71.0,848.0
876,902,2015-01-28 00:04:00,969,333,12,-72.0,844.0
877,903,2015-01-29 00:04:00,970,333,12,-71.0,849.0
878,906,2015-01-30 00:04:00,971,334,12,-71.0,848.0
879,904,2015-01-01 00:05:00,972,334,12,-73.0,847.0
880,905,2015-01-02 00:05:00,973,335,12,-72.0,844.0
881,907,2015-01-03 00:05:00,974,336,12,-73.0,842.0
882,908,2015-01-04 00:05:00,975,336,12,-73.0,843.0
883,909,2015-01-05 00:05:00,976,337,12,-75.0,842.0
884,910,2015-01-06 00:05:00,977,337,12,-75.0,841.0
885,913,2015-01-07 00:05:00,978,338,12,-73.0,842.0
886,912,2015-01-09 00:05:00,979,338,12,-79.0,841.0
887,911,2015-01-10 00:05:00,980,339,12,-73.0,840.0
888,914,2015-01-11 00:05:00,981,339,12,-73.0,841.0
889,917,2015-01-12 00:05:00,982,340,12,-74.0,840.0
890,916,2015-01-13 00:05:00,983,340,12,-76.0,840.0
891,915,2015-01-14 00:05:00,984,341,12,-74.0,840.0
892,918,2015-01-15 00:05:00,985,342,12,-78.0,840.0
893,919,2015-01-16 00:05:00,986,342,12,-74.0,840.0
894,920,2015-01-17 00:05:00,987,343,12,-74.0,839.0
895,922,2015-01-18 00:05:00,988,343,12,-75.0,840.0
896,921,2015-01-19 00:05:00,989,344,12,-74.0,841.0
897,923,2015-01-20 00:05:00,990,344,12,-76.0,839.0
898,926,2015-01-21 00:05:00,991,345,12,-73.0,840.0
899,924,2015-01-22 00:05:00,992,345,12,-73.0,842.0
900,927,2015-01-23 00:05:00,993,346,12,-73.0,840.0
901,925,2015-01-24 00:05:00,994,346,12,-79.0,842.0
902,929,2015-01-25 00:05:00,995,347,12,-74.0,842.0
903,928,2015-01-26 00:05:00,996,348,12,-72.0,842.0
904,930,2015-01-27 00:05:00,997,348,12,-74.0,843.0
905,931,2015-01-28 00:05:00,998,349,12,-73.0,842.0
906,932,2015-01-30 00:05:00,1000,350,12,-74.0,841.0
907,933,2015-01-31 00:05:00,1001,350,12,-79.0,843.0
908,936,2015-01-01 00:06:00,1002,351,12,-77.0,844.0
909,934,2015-01-02 00:06:00,1003,351,12,-74.0,843.0
910,935,2015-01-03 00:06:00,1004,352,12,-74.0,842.0
911,939,2015-01-04 00:06:00,1005,352,12,-75.0,843.0
912,941,2015-01-05 00:06:00,1006,353,12,-78.0,844.0
913,937,2015-01-06 00:06:00,1007,353,12,-79.0,845.0
914,940,2015-01-07 00:06:00,1008,354,12,-79.0,844.0
915,946,2015-01-08 00:06:00,1009,354,12,-75.0,845.0
916,947,2015-01-09 00:06:00,1010,355,12,-74.0,846.0
917,948,2015-01-10 00:06:00,1011,355,12,-78.0,845.0
918,949,2015-01-11 00:06:00,1012,356,12,-81.0,846.0
919,953,2015-01-12 00:06:00,1013,356,12,-80.0,846.0
920,950,2015-01-13 00:06:00,1014,357,12,-77.0,846.0
921,951,2015-01-14 00:06:00,1015,357,12,-75.0,847.0
922,952,2015-01-16 00:06:00,1016,358,12,-76.0,847.0
923,955,2015-01-17 00:06:00,1017,359,12,-78.0,850.0
924,956,2015-01-18 00:06:00,1018,359,12,-79.0,850.0
925,954,2015-01-19 00:06:00,1019,0,1,-81.0,849.0
926,938,2015-01-20 00:06:00,1020,0,1,-63.0,832.0
927,942,2015-01-21 00:06:00,1021,1,1,-76.0,850.0
928,944,2015-01-22 00:06:00,1022,1,1,-75.0,852.0
929,943,2015-01-23 00:06:00,1023,2,1,-76.0,851.0
930,945,2015-01-24 00:06:00,1024,2,1,-76.0,851.0
931,958,2015-01-25 00:06:00,1025,3,1,-74.0,851.0
932,957,2015-01-26 00:06:00,1026,3,1,-78.0,851.0
933,960,2015-01-28 00:06:00,1028,4,1,-75.0,853.0
934,959,2015-01-29 00:06:00,1029,5,1,-75.0,856.0
935,961,2015-01-30 00:06:00,1030,5,1,-77.0,855.0
936,963,2015-01-01 00:07:00,1031,6,1,-76.0,854.0
937,962,2015-01-02 00:07:00,1032,6,1,-74.0,854.0
938,965,2015-01-03 00:07:00,1033,7,1,-77.0,856.0
939,964,2015-01-04 00:07:00,1034,7,1,-76.0,859.0
940,966,2015-01-05 00:07:00,1035,8,1,-77.0,857.0
941,967,2015-01-06 00:07:00,1036,8,1,-76.0,856.0
942,968,2015-01-07 00:07:00,1037,9,1,-80.0,856.0
943,969,2015-01-08 00:07:00,1038,9,1,-76.0,858.0
944,970,2015-01-09 00:07:00,1039,10,1,-77.0,857.0
945,972,2015-01-10 00:07:00,1040,10,1,-77.0,858.0
946,971,2015-01-11 00:07:00,1041,11,1,-77.0,859.0
947,973,2015-01-12 00:07:00,1042,11,1,-76.0,859.0
948,974,2015-01-13 00:07:00,1043,12,1,-77.0,860.0
949,975,2015-01-14 00:07:00,1044,12,1,-79.0,860.0
950,978,2015-01-15 00:07:00,1045,13,1,-80.0,861.0
951,979,2015-01-16 00:07:00,1046,13,1,-77.0,862.0
952,977,2015-01-17 00:07:00,1047,14,1,-77.0,863.0
953,976,2015-01-18 00:07:00,1048,14,1,-78.0,864.0
954,980,2015-01-19 00:07:00,1049,15,1,-75.0,864.0
955,981,2015-01-20 00:07:00,1050,15,1,-76.0,863.0
956,983,2015-01-21 00:07:00,1051,16,1,-76.0,864.0
957,982,2015-01-23 00:07:00,1052,16,1,-78.0,865.0
958,984,2015-01-24 00:07:00,1053,17,1,-79.0,865.0
959,985,2015-01-25 00:07:00,1054,17,1,-77.0,867.0
960,987,2015-01-26 00:07:00,1055,17,1,-77.0,868.0
961,986,2015-01-27 00:07:00,1056,18,1,-76.0,868.0
962,988,2015-01-28 00:07:00,1057,18,1,-78.0,867.0
963,989,2015-01-29 00:07:00,1058,19,1,-78.0,868.0
964,990,2015-01-30 00:07:00,1059,19,1,-78.0,870.0
965,992,2015-01-31 00:07:00,1060,20,1,-78.0,870.0
966,993,2015-01-01 00:08:00,1061,20,1,-77.0,871.0
967,991,2015-01-02 00:08:00,1062,21,1,-77.0,871.0
968,994,2015-01-03 00:08:00,1063,21,1,-79.0,871.0
969,996,2015-01-04 00:08:00,1064,22,1,-77.0,871.0
970,995,2015-01-05 00:08:00,1065,22,1,-78.0,873.0
971,997,2015-01-06 00:08:00,1066,23,1,-78.0,875.0
972,998,2015-01-07 00:08:00,1067,23,1,-79.0,875.0
973,1000,2015-01-08 00:08:00,1068,24,1,-76.0,874.0
974,999,2015-01-09 00:08:00,1069,24,1,-77.0,876.0
975,1001,2015-01-10 00:08:00,1070,25,1,-80.0,877.0
976,1002,2015-01-11 00:08:00,1071,25,1,-78.0,878.0
977,1003,2015-01-12 00:08:00,1072,26,1,-78.0,879.0
978,1004,2015-01-13 00:08:00,1073,26,1,-82.0,879.0
979,1005,2015-01-14 00:08:00,1074,27,1,-77.0,878.0
980,1006,2015-01-15 00:08:00,1075,27,1,-77.0,879.0
981,1007,2015-01-16 00:08:00,1076,28,1,-81.0,880.0
982,1008,2015-01-17 00:08:00,1077,28,1,-79.0,880.0
983,1009,2015-01-18 00:08:00,1078,29,1,-80.0,881.0
984,1010,2015-01-19 00:08:00,1079,29,1,-80.0,882.0
985,1013,2015-01-20 00:08:00,1080,29,1,-77.0,882.0
986,1011,2015-01-21 00:08:00,1081,30,2,-77.0,882.0
987,1012,2015-01-22 00:08:00,1082,30,2,-79.0,882.0
988,1014,2015-01-23 00:08:00,1083,31,2,-80.0,883.0
989,1015,2015-01-24 00:08:00,1084,31,2,-78.0,885.0
990,1017,2015-01-25 00:08:00,1085,32,2,-79.0,886.0
991,1016,2015-01-26 00:08:00,1086,32,2,-77.0,885.0
992,1019,2015-01-27 00:08:00,1087,33,2,-78.0,885.0
993,1020,2015-01-29 00:08:00,1088,33,2,-77.0,885.0
994,1018,2015-01-30 00:08:00,1089,34,2,-76.0,885.0
995,1021,2015-01-31 00:08:00,1090,34,2,-78.0,886.0
996,1022,2015-01-01 00:09:00,1091,35,2,-77.0,886.0
997,1023,2015-01-02 00:09:00,1092,35,2,-79.0,886.0
998,1024,2015-01-03 00:09:00,1093,36,2,-77.0,887.0
999,1026,2015-01-04 00:09:00,1094,36,2,-80.0,888.0
1000,1027,2015-01-05 00:09:00,1095,36,2,-79.0,888.0
1001,1025,2015-01-06 00:09:00,1096,37,2,-79.0,888.0
1002,1028,2015-01-07 00:09:00,1097,37,2,-78.0,889.0
1003,1029,2015-01-08 00:09:00,1098,38,2,-77.0,890.0
1004,1030,2015-01-09 00:09:00,1099,38,2,-78.0,891.0
1005,1031,2015-01-10 00:09:00,1100,39,2,-79.0,890.0
1006,1034,2015-01-11 00:09:00,1101,39,2,-80.0,891.0
1007,1032,2015-01-12 00:09:00,1102,40,2,-84.0,892.0
1008,1033,2015-01-13 00:09:00,1103,40,2,-81.0,893.0
1009,1035,2015-01-14 00:09:00,1104,41,2,-79.0,893.0
1010,1036,2015-01-15 00:09:00,1105,41,2,-78.0,892.0
1011,1037,2015-01-16 00:09:00,1106,42,2,-82.0,893.0
1012,1040,2015-01-17 00:09:00,1107,42,2,-79.0,893.0
1013,1038,2015-01-18 00:09:00,1108,42,2,-78.0,895.0
1014,1039,2015-01-19 00:09:00,1109,43,2,-82.0,895.0
1015,1041,2015-01-20 00:09:00,1110,43,2,-81.0,895.0
1016,1042,2015-01-21 00:09:00,1111,44,2,-79.0,896.0
1017,1043,2015-01-22 00:09:00,1112,44,2,-80.0,895.0
1018,1044,2015-01-23 00:09:00,1113,45,2,-79.0,895.0
1019,1045,2015-01-24 00:09:00,1114,45,2,-79.0,896.0
1020,1047,2015-01-25 00:09:00,1115,46,2,-80.0,897.0
1021,1046,2015-01-26 00:09:00,1116,46,2,-79.0,898.0
1022,1048,2015-01-27 00:09:00,1117,47,2,-79.0,898.0
1023,1049,2015-01-28 00:09:00,1118,47,2,-80.0,898.0
1024,1050,2015-01-29 00:09:00,1119,48,2,-81.0,899.0
1025,1051,2015-01-30 00:09:00,1120,48,2,-80.0,900.0
1026,1052,2015-01-01 00:10:00,1121,48,2,-81.0,901.0
1027,1053,2015-01-02 00:10:00,1122,49,2,-79.0,901.0
1028,1054,2015-01-03 00:10:00,1123,49,2,-79.0,900.0
1029,1055,2015-01-04 00:10:00,1124,50,2,-80.0,900.0
1030,1056,2015-01-06 00:10:00,1125,50,2,-79.0,900.0
1031,1057,2015-01-07 00:10:00,1126,51,2,-79.0,901.0
1032,1058,2015-01-08 00:10:00,1127,51,2,-80.0,901.0
1033,1059,2015-01-09 00:10:00,1128,52,2,-79.0,902.0
1034,1060,2015-01-10 00:10:00,1129,52,2,-80.0,902.0
1035,1061,2015-01-11 00:10:00,1130,53,2,-81.0,902.0
1036,1062,2015-01-12 00:10:00,1131,53,2,-81.0,902.0
1037,1063,2015-01-13 00:10:00,1132,53,2,-82.0,902.0
1038,1064,2015-01-14 00:10:00,1133,54,2,-82.0,902.0
1039,1065,2015-01-15 00:10:00,1134,54,2,-80.0,902.0
1040,1069,2015-01-16 00:10:00,1135,55,2,-81.0,901.0
1041,1066,2015-01-17 00:10:00,1136,55,2,-82.0,901.0
1042,1068,2015-01-18 00:10:00,1137,56,2,-81.0,901.0
1043,1067,2015-01-19 00:10:00,1138,56,2,-82.0,901.0
1044,1070,2015-01-20 00:10:00,1139,57,2,-80.0,901.0
1045,1071,2015-01-21 00:10:00,1140,57,2,-81.0,901.0
1046,1072,2015-01-22 00:10:00,1141,57,2,-82.0,902.0
1047,1073,2015-01-23 00:10:00,1142,58,2,-82.0,902.0
1048,1074,2015-01-24 00:10:00,1143,58,2,-82.0,901.0
1049,1075,2015-01-25 00:10:00,1144,59,2,-82.0,902.0
1050,1076,2015-01-26 00:10:00,1145,59,2,-82.0,903.0
1051,1077,2015-01-27 00:10:00,1146,60,3,-82.0,902.0
1052,1078,2015-01-28 00:10:00,1147,60,3,-80.0,901.0
1053,1080,2015-01-29 00:10:00,1148,61,3,-80.0,901.0
1054,1079,2015-01-30 00:10:00,1149,61,3,-81.0,902.0
1055,1081,2015-01-31 00:10:00,1150,62,3,-82.0,902.0
1056,1082,2015-01-01 00:11:00,1151,62,3,-82.0,901.0
1057,1086,2015-01-02 00:11:00,1152,62,3,-80.0,901.0
1058,1083,2015-01-03 00:11:00,1153,63,3,-82.0,900.0
1059,1088,2015-01-04 00:11:00,1154,63,3,-84.0,900.0
1060,1084,2015-01-05 00:11:00,1155,64,3,-84.0,900.0
1061,1085,2015-01-06 00:11:00,1156,64,3,-84.0,900.0
1062,1087,2015-01-07 00:11:00,1157,65,3,-82.0,900.0
1063,1089,2015-01-08 00:11:00,1158,65,3,-82.0,898.0
1064,1090,2015-01-09 00:11:00,1159,66,3,-82.0,898.0
1065,1091,2015-01-10 00:11:00,1160,66,3,-80.0,899.0
1066,1092,2015-01-12 00:11:00,1161,66,3,-83.0,898.0
1067,1093,2015-01-13 00:11:00,1162,67,3,-84.0,897.0
1068,1094,2015-01-14 00:11:00,1163,67,3,-86.0,896.0
1069,1095,2015-01-15 00:11:00,1164,68,3,-86.0,896.0
1070,1096,2015-01-16 00:11:00,1165,68,3,-84.0,897.0
1071,1097,2015-01-17 00:11:00,1166,69,3,-84.0,895.0
1072,1098,2015-01-18 00:11:00,1167,69,3,-84.0,894.0
1073,1102,2015-01-19 00:11:00,1168,70,3,-84.0,894.0
1074,1100,2015-01-20 00:11:00,1169,70,3,-89.0,894.0
1075,1101,2015-01-21 00:11:00,1170,71,3,-85.0,893.0
1076,1099,2015-01-22 00:11:00,1171,71,3,-87.0,892.0
1077,1104,2015-01-23 00:11:00,1172,71,3,-87.0,892.0
1078,1103,2015-01-24 00:11:00,1173,72,3,-87.0,892.0
1079,1105,2015-01-25 00:11:00,1174,72,3,-85.0,891.0
1080,1106,2015-01-26 00:11:00,1175,73,3,-85.0,890.0
1081,1107,2015-01-27 00:11:00,1176,73,3,-84.0,890.0
1082,1108,2015-01-28 00:11:00,1177,74,3,-84.0,888.0
1083,1109,2015-01-29 00:11:00,1178,74,3,-86.0,888.0
1084,1110,2015-01-30 00:11:00,1179,75,3,-85.0,887.0
1085,1111,2015-01-01 00:12:00,1180,75,3,-86.0,886.0
1086,1112,2015-01-02 00:12:00,1181,75,3,-86.0,885.0
1087,1114,2015-01-03 00:12:00,1182,76,3,-85.0,884.0
1088,1113,2015-01-04 00:12:00,1183,76,3,-86.0,883.0
1089,1115,2015-01-05 00:12:00,1184,77,3,-85.0,882.0
1090,1116,2015-01-06 00:12:00,1185,77,3,-84.0,881.0
1091,1117,2015-01-07 00:12:00,1186,78,3,-86.0,881.0
1092,1118,2015-01-08 00:12:00,1187,78,3,-84.0,881.0
1093,1119,2015-01-09 00:12:00,1188,79,3,-90.0,881.0
1094,1120,2015-01-10 00:12:00,1189,79,3,-87.0,879.0
1095,1121,2015-01-11 00:12:00,1190,79,3,-87.0,877.0
1096,1122,2015-01-12 00:12:00,1191,80,3,-87.0,876.0
1097,1123,2015-01-13 00:12:00,1192,80,3,-86.0,876.0
1098,1124,2015-01-14 00:12:00,1193,81,3,-84.0,875.0
1099,1125,2015-01-15 00:12:00,1194,81,3,-84.0,873.0
1100,1126,2015-01-16 00:12:00,1195,82,3,-86.0,872.0
1101,1129,2015-01-17 00:12:00,1196,82,3,-86.0,871.0
1102,1127,2015-01-18 00:12:00,1197,83,3,-85.0,869.0
1103,1128,2015-01-20 00:12:00,1198,83,3,-86.0,868.0
1104,1130,2015-01-21 00:12:00,1199,84,3,-86.0,868.0
1105,1131,2015-01-22 00:12:00,1200,84,3,-84.0,866.0
1106,1132,2015-01-23 00:12:00,1201,84,3,-85.0,866.0
1107,1133,2015-01-24 00:12:00,1202,85,3,-85.0,864.0
1108,1136,2015-01-25 00:12:00,1203,85,3,-85.0,863.0
1109,1135,2015-01-26 00:12:00,1204,86,3,-84.0,862.0
1110,1134,2015-01-27 00:12:00,1205,86,3,-86.0,861.0
1111,1137,2015-01-28 00:12:00,1206,87,3,-85.0,859.0
1112,1138,2015-01-29 00:12:00,1207,87,3,-85.0,858.0
1113,1139,2015-01-30 00:12:00,1208,88,3,-85.0,857.0
1114,1141,2015-01-31 00:12:00,1209,88,3,-85.0,855.0
1115,1140,2016-01-01 00:01:00,1210,88,3,-85.0,854.0
1116,1142,2016-01-02 00:01:00,1211,89,3,-83.0,853.0
1117,1143,2016-01-03 00:01:00,1212,89,3,-86.0,851.0
1118,1145,2016-01-04 00:01:00,1213,90,4,-84.0,851.0
1119,1144,2016-01-05 00:01:00,1214,90,4,-85.0,849.0
1120,1146,2016-01-06 00:01:00,1215,91,4,-85.0,848.0
1121,1147,2016-01-07 00:01:00,1216,91,4,-86.0,847.0
1122,1148,2016-01-08 00:01:00,1217,92,4,-88.0,846.0
1123,1149,2016-01-09 00:01:00,1218,92,4,-86.0,845.0
1124,1150,2016-01-10 00:01:00,1219,93,4,-87.0,844.0
1125,1151,2016-01-11 00:01:00,1220,93,4,-87.0,842.0
1126,1152,2016-01-12 00:01:00,1221,93,4,-87.0,841.0
1127,1153,2016-01-13 00:01:00,1222,94,4,-87.0,840.0
1128,1155,2016-01-14 00:01:00,1223,94,4,-88.0,839.0
1129,1154,2016-01-15 00:01:00,1224,95,4,-88.0,837.0
1130,1156,2016-01-16 00:01:00,1225,95,4,-87.0,836.0
1131,1157,2016-01-17 00:01:00,1226,96,4,-87.0,835.0
1132,1158,2016-01-18 00:01:00,1227,96,4,-88.0,833.0
1133,1159,2016-01-19 00:01:00,1228,97,4,-88.0,832.0
1134,1160,2016-01-20 00:01:00,1229,97,4,-88.0,831.0
1135,1161,2016-01-21 00:01:00,1230,98,4,-88.0,830.0
1136,1162,2016-01-22 00:01:00,1231,98,4,-88.0,828.0
1137,1163,2016-01-23 00:01:00,1232,99,4,-88.0,827.0
1138,1164,2016-01-24 00:01:00,1233,99,4,-88.0,826.0
1139,1166,2016-01-26 00:01:00,1234,99,4,-88.0,824.0
1140,1165,2016-01-27 00:01:00,1235,100,4,-88.0,824.0
1141,1170,2016-01-28 00:01:00,1236,100,4,-87.0,822.0
1142,1169,2016-01-29 00:01:00,1237,101,4,-88.0,820.0
1143,1167,2016-01-30 00:01:00,1238,101,4,-87.0,819.0
1144,1168,2016-01-31 00:01:00,1239,102,4,-89.0,818.0
1145,1171,2016-01-01 00:02:00,1240,102,4,-87.0,816.0
1146,1172,2016-01-02 00:02:00,1241,103,4,-87.0,816.0
1147,1173,2016-01-03 00:02:00,1242,103,4,-87.0,815.0
1148,1174,2016-01-04 00:02:00,1243,104,4,-86.0,814.0
1149,1175,2016-01-05 00:02:00,1244,104,4,-85.0,812.0
1150,1176,2016-01-06 00:02:00,1245,105,4,-86.0,811.0
1151,1178,2016-01-07 00:02:00,1246,105,4,-85.0,810.0
1152,1177,2016-01-08 00:02:00,1247,105,4,-85.0,809.0
1153,1179,2016-01-09 00:02:00,1248,106,4,-86.0,807.0
1154,1180,2016-01-10 00:02:00,1249,106,4,-85.0,806.0
1155,1182,2016-01-11 00:02:00,1250,107,4,-85.0,804.0
1156,1185,2016-01-12 00:02:00,1251,107,4,-85.0,803.0
1157,1184,2016-01-13 00:02:00,1252,108,4,-85.0,802.0
1158,1181,2016-01-14 00:02:00,1253,108,4,-85.0,800.0
1159,1183,2016-01-15 00:02:00,1254,109,4,-84.0,799.0
1160,1187,2016-01-16 00:02:00,1255,109,4,-84.0,798.0
1161,1186,2016-01-17 00:02:00,1256,110,4,-84.0,797.0
1162,1188,2016-01-18 00:02:00,1257,110,4,-84.0,794.0
1163,1189,2016-01-19 00:02:00,1258,111,4,-83.0,794.0
1164,1190,2016-01-20 00:02:00,1259,111,4,-84.0,794.0
1165,1191,2016-01-21 00:02:00,1260,112,4,-83.0,792.0
1166,1192,2016-01-22 00:02:00,1261,112,4,-81.0,790.0
1167,1193,2016-01-23 00:02:00,1262,112,4,-81.0,790.0
1168,1194,2016-01-24 00:02:00,1263,113,4,-84.0,788.0
1169,1195,2016-01-25 00:02:00,1264,113,4,-84.0,787.0
1170,1197,2016-01-26 00:02:00,1265,114,4,-81.0,787.0
1171,1196,2016-01-27 00:02:00,1266,114,4,-82.0,787.0
1172,1198,2016-01-28 00:02:00,1267,115,4,-83.0,786.0
1173,1199,2016-01-29 00:02:00,1268,115,4,-83.0,784.0
1174,1201,2016-01-01 00:03:00,1269,116,4,-83.0,782.0
1175,1200,2016-01-03 00:03:00,1270,116,4,-82.0,782.0
1176,1202,2016-01-04 00:03:00,1271,117,4,-84.0,781.0
1177,1203,2016-01-05 00:03:00,1272,117,4,-81.0,780.0
1178,1204,2016-01-06 00:03:00,1273,118,4,-79.0,778.0
1179,1205,2016-01-07 00:03:00,1274,118,4,-82.0,777.0
1180,1206,2016-01-08 00:03:00,1275,119,4,-82.0,775.0
1181,1207,2016-01-09 00:03:00,1276,119,4,-83.0,774.0
1182,1208,2016-01-10 00:03:00,1277,120,5,-84.0,774.0
1183,1210,2016-01-11 00:03:00,1278,120,5,-83.0,773.0
1184,1209,2016-01-12 00:03:00,1279,121,5,-83.0,772.0
1185,1211,2016-01-13 00:03:00,1280,121,5,-84.0,771.0
1186,1212,2016-01-14 00:03:00,1281,122,5,-83.0,769.0
1187,1213,2016-01-15 00:03:00,1282,122,5,-81.0,768.0
1188,1214,2016-01-16 00:03:00,1283,123,5,-82.0,767.0
1189,1216,2016-01-17 00:03:00,1284,123,5,-80.0,767.0
1190,1217,2016-01-18 00:03:00,1285,123,5,-80.0,766.0
1191,1215,2016-01-19 00:03:00,1286,124,5,-80.0,765.0
1192,1218,2016-01-20 00:03:00,1287,124,5,-80.0,764.0
1193,1219,2016-01-21 00:03:00,1288,125,5,-80.0,763.0
1194,1220,2016-01-24 00:03:00,1291,126,5,-80.0,760.0
1195,1222,2016-01-25 00:03:00,1292,127,5,-81.0,760.0
1196,1221,2016-01-26 00:03:00,1293,127,5,-81.0,758.0
1197,1223,2016-01-27 00:03:00,1294,128,5,-79.0,758.0
1198,1224,2016-01-28 00:03:00,1295,128,5,-79.0,757.0
1199,1226,2016-01-29 00:03:00,1296,129,5,-79.0,756.0
1200,1225,2016-01-30 00:03:00,1297,129,5,-80.0,755.0
1201,1229,2016-01-31 00:03:00,1298,130,5,-79.0,755.0
1202,1228,2016-01-01 00:04:00,1299,130,5,-80.0,753.0
1203,1227,2016-01-02 00:04:00,1300,131,5,-79.0,752.0
1204,1230,2016-01-03 00:04:00,1301,131,5,-78.0,752.0
1205,1231,2016-01-04 00:04:00,1302,132,5,-80.0,751.0
1206,1232,2016-01-05 00:04:00,1303,132,5,-78.0,751.0
1207,1233,2016-01-06 00:04:00,1304,133,5,-80.0,750.0
1208,1235,2016-01-07 00:04:00,1305,133,5,-80.0,749.0
1209,1234,2016-01-08 00:04:00,1306,134,5,-79.0,748.0
1210,1236,2016-01-10 00:04:00,1307,134,5,-80.0,748.0
1211,1237,2016-01-11 00:04:00,1308,135,5,-81.0,748.0
1212,1238,2016-01-12 00:04:00,1309,135,5,-81.0,747.0
1213,1239,2016-01-13 00:04:00,1310,136,5,-76.0,745.0
1214,1240,2016-01-14 00:04:00,1311,136,5,-78.0,745.0
1215,1243,2016-01-15 00:04:00,1312,137,5,-77.0,745.0
1216,1241,2016-01-16 00:04:00,1313,137,5,-77.0,745.0
1217,1242,2016-01-17 00:04:00,1314,138,5,-78.0,744.0
1218,1244,2016-01-18 00:04:00,1315,138,5,-77.0,744.0
1219,1245,2016-01-19 00:04:00,1316,139,5,-80.0,744.0
1220,1246,2016-01-20 00:04:00,1317,139,5,-80.0,743.0
1221,1247,2016-01-21 00:04:00,1318,140,5,-80.0,743.0
1222,1248,2016-01-22 00:04:00,1319,140,5,-78.0,742.0
1223,1250,2016-01-23 00:04:00,1320,141,5,-77.0,741.0
1224,1249,2016-01-24 00:04:00,1321,141,5,-77.0,740.0
1225,1251,2016-01-25 00:04:00,1322,142,5,-78.0,740.0
1226,1252,2016-01-26 00:04:00,1323,142,5,-77.0,738.0
1227,1253,2016-01-27 00:04:00,1324,143,5,-78.0,738.0
1228,1256,2016-01-28 00:04:00,1325,144,5,-78.0,738.0
1229,1254,2016-01-29 00:04:00,1326,144,5,-77.0,738.0
1230,1255,2016-01-30 00:04:00,1327,145,5,-76.0,736.0
1231,1257,2016-01-01 00:05:00,1328,145,5,-77.0,735.0
1232,1258,2016-01-02 00:05:00,1329,146,5,-74.0,735.0
1233,1259,2016-01-03 00:05:00,1330,146,5,-78.0,734.0
1234,1260,2016-01-04 00:05:00,1331,147,5,-76.0,734.0
1235,1262,2016-01-05 00:05:00,1332,147,5,-78.0,734.0
1236,1263,2016-01-06 00:05:00,1333,148,5,-76.0,733.0
1237,1261,2016-01-07 00:05:00,1334,148,5,-77.0,732.0
1238,1264,2016-01-08 00:05:00,1335,149,5,-77.0,732.0
1239,1265,2016-01-09 00:05:00,1336,149,5,-75.0,732.0
1240,1266,2016-01-10 00:05:00,1337,150,6,-76.0,734.0
1241,1267,2016-01-11 00:05:00,1338,150,6,-75.0,734.0
1242,1268,2016-01-12 00:05:00,1339,151,6,-77.0,733.0
1243,1269,2016-01-13 00:05:00,1340,151,6,-76.0,734.0
1244,1270,2016-01-14 00:05:00,1341,152,6,-76.0,735.0
1245,1271,2016-01-15 00:05:00,1342,152,6,-80.0,735.0
1246,1272,2016-01-17 00:05:00,1343,153,6,-74.0,735.0
1247,1273,2016-01-18 00:05:00,1344,153,6,-75.0,734.0
1248,1276,2016-01-19 00:05:00,1345,154,6,-75.0,735.0
1249,1274,2016-01-20 00:05:00,1346,155,6,-75.0,737.0
1250,1277,2016-01-21 00:05:00,1347,155,6,-75.0,736.0
1251,1275,2016-01-22 00:05:00,1348,156,6,-76.0,735.0
1252,1278,2016-01-23 00:05:00,1349,156,6,-73.0,737.0
1253,1279,2016-01-24 00:05:00,1350,157,6,-73.0,738.0
1254,1280,2016-01-25 00:05:00,1351,157,6,-72.0,739.0
1255,1283,2016-01-26 00:05:00,1352,158,6,-73.0,736.0
1256,1281,2016-01-27 00:05:00,1353,158,6,-76.0,737.0
1257,1282,2016-01-28 00:05:00,1354,159,6,-75.0,739.0
1258,1284,2016-01-29 00:05:00,1355,159,6,-75.0,740.0
1259,1286,2016-01-30 00:05:00,1356,160,6,-74.0,739.0
1260,1285,2016-01-31 00:05:00,1357,160,6,-72.0,738.0
1261,1287,2016-01-01 00:06:00,1358,161,6,-74.0,738.0
1262,1288,2016-01-02 00:06:00,1359,162,6,-76.0,739.0
1263,1289,2016-01-03 00:06:00,1360,162,6,-76.0,739.0
1264,1290,2016-01-04 00:06:00,1361,163,6,-75.0,739.0
1265,1291,2016-01-05 00:06:00,1362,163,6,-74.0,739.0
1266,1292,2016-01-06 00:06:00,1363,164,6,-75.0,740.0
1267,1293,2016-01-07 00:06:00,1364,164,6,-74.0,740.0
1268,1294,2016-01-08 00:06:00,1365,165,6,-74.0,739.0
1269,1295,2016-01-09 00:06:00,1366,165,6,-75.0,740.0
1270,1296,2016-01-10 00:06:00,1367,166,6,-74.0,743.0
1271,1297,2016-01-11 00:06:00,1368,167,6,-74.0,743.0
1272,1299,2016-01-12 00:06:00,1369,167,6,-73.0,742.0
1273,1298,2016-01-13 00:06:00,1370,168,6,-74.0,744.0
1274,1301,2016-01-14 00:06:00,1371,168,6,-75.0,746.0
1275,1300,2016-01-15 00:06:00,1372,169,6,-74.0,745.0
1276,1303,2016-01-16 00:06:00,1373,169,6,-74.0,746.0
1277,1302,2016-01-17 00:06:00,1374,170,6,-75.0,748.0
1278,1304,2016-01-18 00:06:00,1375,170,6,-73.0,749.0
1279,1305,2016-01-19 00:06:00,1376,171,6,-75.0,749.0
1280,1306,2016-01-20 00:06:00,1377,172,6,-76.0,749.0
1281,1308,2016-01-21 00:06:00,1378,172,6,-76.0,751.0
1282,1307,2016-01-23 00:06:00,1379,173,6,-77.0,751.0
1283,1311,2016-01-24 00:06:00,1380,173,6,-74.0,751.0
1284,1309,2016-01-25 00:06:00,1381,174,6,-73.0,751.0
1285,1310,2016-01-26 00:06:00,1382,174,6,-76.0,752.0
1286,1312,2016-01-27 00:06:00,1383,175,6,-73.0,752.0
1287,1313,2016-01-28 00:06:00,1384,176,6,-74.0,753.0
1288,1314,2016-01-29 00:06:00,1385,176,6,-75.0,755.0
1289,1315,2016-01-30 00:06:00,1386,177,6,-74.0,755.0
1290,1316,2016-01-01 00:07:00,1387,177,6,-74.0,755.0
1291,1317,2016-01-02 00:07:00,1388,178,6,-73.0,756.0
1292,1318,2016-01-12 00:07:00,1398,184,7,-66.0,751.0
1293,1319,2016-01-13 00:07:00,1399,184,7,-73.0,770.0
1294,1322,2016-01-14 00:07:00,1400,185,7,-73.0,770.0
1295,1321,2016-01-15 00:07:00,1401,185,7,-73.0,770.0
1296,1320,2016-01-16 00:07:00,1402,186,7,-75.0,771.0
1297,1323,2016-01-17 00:07:00,1403,187,7,-75.0,771.0
1298,1324,2016-01-18 00:07:00,1404,187,7,-75.0,774.0
1299,1325,2016-01-19 00:07:00,1405,188,7,-75.0,775.0
1300,1328,2016-01-20 00:07:00,1406,188,7,-76.0,775.0
1301,1329,2016-01-21 00:07:00,1407,189,7,-74.0,779.0
1302,1327,2016-01-22 00:07:00,1408,190,7,-75.0,779.0
1303,1326,2016-01-23 00:07:00,1409,190,7,-74.0,781.0
1304,1330,2016-01-24 00:07:00,1410,191,7,-72.0,782.0
1305,1331,2016-01-25 00:07:00,1411,191,7,-72.0,782.0
1306,1333,2016-01-26 00:07:00,1412,192,7,-78.0,784.0
1307,1332,2016-01-27 00:07:00,1413,193,7,-72.0,784.0
1308,1336,2016-01-28 00:07:00,1414,193,7,-73.0,785.0
1309,1334,2016-01-29 00:07:00,1415,194,7,-72.0,787.0
1310,1335,2016-01-31 00:07:00,1416,194,7,-72.0,791.0
1311,1337,2016-01-01 00:08:00,1417,195,7,-70.0,791.0
1312,1338,2016-01-02 00:08:00,1418,196,7,-73.0,793.0
1313,1339,2016-01-03 00:08:00,1419,196,7,-73.0,793.0
1314,1340,2016-01-04 00:08:00,1420,197,7,-71.0,793.0
1315,1343,2016-01-05 00:08:00,1421,197,7,-72.0,797.0
1316,1342,2016-01-06 00:08:00,1422,198,7,-72.0,798.0
1317,1341,2016-01-07 00:08:00,1423,199,7,-71.0,800.0
1318,1344,2016-01-08 00:08:00,1424,199,7,-72.0,803.0
1319,1345,2016-01-09 00:08:00,1425,200,7,-72.0,804.0
1320,1346,2016-01-10 00:08:00,1426,200,7,-71.0,803.0
1321,1347,2016-01-11 00:08:00,1427,201,7,-72.0,807.0
1322,1348,2016-01-12 00:08:00,1428,202,7,-72.0,808.0
1323,1349,2016-01-13 00:08:00,1429,202,7,-70.0,810.0
1324,1351,2016-01-14 00:08:00,1430,203,7,-69.0,810.0
1325,1350,2016-01-15 00:08:00,1431,204,7,-69.0,811.0
1326,1352,2016-01-16 00:08:00,1432,204,7,-71.0,813.0
1327,1353,2016-01-17 00:08:00,1433,205,7,-70.0,818.0
1328,1356,2016-01-18 00:08:00,1434,205,7,-70.0,818.0
1329,1355,2016-01-19 00:08:00,1435,206,7,-71.0,823.0
1330,1354,2016-01-20 00:08:00,1436,207,7,-72.0,825.0
1331,1357,2016-01-21 00:08:00,1437,207,7,-71.0,821.0
1332,1358,2016-01-22 00:08:00,1438,208,7,-68.0,823.0
1333,1360,2016-01-23 00:08:00,1439,208,7,-71.0,828.0
1334,1359,2016-01-24 00:08:00,1440,209,7,-70.0,828.0
1335,1361,2016-01-25 00:08:00,1441,210,8,-74.0,828.0
1336,1362,2016-01-26 00:08:00,1442,210,8,-68.0,829.0
1337,1363,2016-01-27 00:08:00,1443,211,8,-69.0,831.0
1338,1364,2016-01-28 00:08:00,1444,212,8,-69.0,833.0
1339,1365,2016-01-29 00:08:00,1445,212,8,-69.0,836.0
1340,1366,2016-01-30 00:08:00,1446,213,8,-70.0,841.0
1341,1367,2016-01-31 00:08:00,1447,214,8,-74.0,841.0
1342,1369,2016-01-01 00:09:00,1448,214,8,-69.0,841.0
1343,1368,2016-01-02 00:09:00,1449,215,8,-71.0,841.0
1344,1370,2016-01-03 00:09:00,1450,215,8,-69.0,842.0
1345,1371,2016-01-04 00:09:00,1451,216,8,-71.0,842.0
1346,1373,2016-01-06 00:09:00,1452,217,8,-74.0,845.0
1347,1372,2016-01-07 00:09:00,1453,217,8,-73.0,850.0
1348,1374,2016-01-08 00:09:00,1454,218,8,-69.0,854.0
1349,1377,2016-01-09 00:09:00,1455,219,8,-70.0,858.0
1350,1376,2016-01-10 00:09:00,1456,219,8,-69.0,859.0
1351,1375,2016-01-11 00:09:00,1457,220,8,-69.0,860.0
1352,1378,2016-01-12 00:09:00,1458,220,8,-69.0,859.0
1353,1379,2016-01-13 00:09:00,1459,221,8,-71.0,861.0
1354,1380,2016-01-14 00:09:00,1460,222,8,-70.0,865.0
1355,1382,2016-01-15 00:09:00,1461,222,8,-69.0,870.0
1356,1381,2016-01-16 00:09:00,1462,223,8,-68.0,871.0
1357,1383,2016-01-17 00:09:00,1463,224,8,-68.0,871.0
1358,1384,2016-01-18 00:09:00,1464,224,8,-71.0,871.0
1359,1385,2016-01-19 00:09:00,1465,225,8,-68.0,870.0
1360,1386,2016-01-20 00:09:00,1466,226,8,-67.0,873.0
1361,1387,2016-01-21 00:09:00,1467,226,8,-69.0,877.0
1362,1388,2016-01-22 00:09:00,1468,227,8,-70.0,879.0
1363,1389,2016-01-23 00:09:00,1469,228,8,-72.0,881.0
1364,1391,2016-01-24 00:09:00,1470,228,8,-70.0,879.0
1365,1392,2016-01-25 00:09:00,1471,229,8,-71.0,880.0
1366,1390,2016-01-26 00:09:00,1472,229,8,-68.0,879.0
1367,1393,2016-01-27 00:09:00,1473,230,8,-67.0,881.0
1368,1394,2016-01-28 00:09:00,1474,231,8,-68.0,889.0
1369,1396,2016-01-29 00:09:00,1475,231,8,-72.0,890.0
1370,1395,2016-01-30 00:09:00,1476,232,8,-69.0,888.0
1371,1397,2016-01-01 00:10:00,1477,233,8,-72.0,888.0
1372,1399,2016-01-02 00:10:00,1478,233,8,-68.0,887.0
1373,1398,2016-01-03 00:10:00,1479,234,8,-66.0,890.0
1374,1400,2016-01-04 00:10:00,1480,235,8,-68.0,893.0
1375,1401,2016-01-05 00:10:00,1481,235,8,-70.0,893.0
1376,1403,2016-01-06 00:10:00,1482,236,8,-68.0,893.0
1377,1402,2016-01-07 00:10:00,1483,237,8,-68.0,892.0
1378,1404,2016-01-08 00:10:00,1484,237,8,-68.0,895.0
1379,1405,2016-01-09 00:10:00,1485,238,8,-71.0,899.0
1380,1406,2016-01-10 00:10:00,1486,239,8,-71.0,901.0
1381,1407,2016-01-11 00:10:00,1487,239,8,-68.0,901.0
1382,1408,2016-01-12 00:10:00,1488,240,9,-69.0,902.0
1383,1410,2016-01-14 00:10:00,1489,240,9,-68.0,903.0
1384,1411,2016-01-15 00:10:00,1490,241,9,-66.0,904.0
1385,1409,2016-01-16 00:10:00,1491,242,9,-69.0,906.0
1386,1412,2016-01-17 00:10:00,1492,242,9,-68.0,910.0
1387,1413,2016-01-18 00:10:00,1493,243,9,-70.0,905.0
1388,1414,2016-01-19 00:10:00,1494,244,9,-70.0,904.0
1389,1416,2016-01-20 00:10:00,1495,244,9,-71.0,903.0
1390,1415,2016-01-21 00:10:00,1496,245,9,-72.0,906.0
1391,1417,2016-01-22 00:10:00,1497,246,9,-68.0,909.0
1392,1418,2016-01-23 00:10:00,1498,246,9,-68.0,907.0
1393,1419,2016-01-24 00:10:00,1499,247,9,-69.0,903.0
1394,1420,2016-01-25 00:10:00,1500,248,9,-70.0,903.0
1395,1421,2016-01-26 00:10:00,1501,248,9,-69.0,903.0
1396,1422,2016-01-27 00:10:00,1502,249,9,-69.0,907.0
1397,1424,2016-01-28 00:10:00,1503,250,9,-70.0,909.0
1398,1423,2016-01-29 00:10:00,1504,250,9,-69.0,910.0
1399,1425,2016-01-30 00:10:00,1505,251,9,-69.0,906.0
1400,1426,2016-01-31 00:10:00,1506,252,9,-71.0,907.0
1401,1427,2016-01-01 00:11:00,1507,252,9,-70.0,907.0
1402,1428,2016-01-02 00:11:00,1508,253,9,-70.0,907.0
1403,1430,2016-01-03 00:11:00,1509,254,9,-70.0,910.0
1404,1431,2016-01-04 00:11:00,1510,254,9,-70.0,908.0
1405,1429,2016-01-05 00:11:00,1511,255,9,-77.0,908.0
1406,1432,2016-01-06 00:11:00,1512,255,9,-78.0,906.0
1407,1433,2016-01-07 00:11:00,1513,256,9,-74.0,907.0
1408,1434,2016-01-08 00:11:00,1514,257,9,-73.0,906.0
1409,1435,2016-01-09 00:11:00,1515,257,9,-76.0,906.0
1410,1436,2016-01-10 00:11:00,1516,258,9,-71.0,909.0
1411,1437,2016-01-11 00:11:00,1517,259,9,-76.0,911.0
1412,1438,2016-01-12 00:11:00,1518,259,9,-78.0,909.0
1413,1440,2016-01-13 00:11:00,1519,260,9,-72.0,906.0
1414,1439,2016-01-14 00:11:00,1520,261,9,-73.0,905.0
1415,1441,2016-01-15 00:11:00,1521,261,9,-71.0,905.0
1416,1442,2016-01-16 00:11:00,1522,262,9,-71.0,905.0
1417,1443,2016-01-17 00:11:00,1523,263,9,-77.0,905.0
1418,1444,2016-01-18 00:11:00,1524,263,9,-76.0,904.0
1419,1445,2016-01-20 00:11:00,1525,264,9,-74.0,902.0
1420,1446,2016-01-21 00:11:00,1526,265,9,-72.0,900.0
1421,1449,2016-01-22 00:11:00,1527,265,9,-71.0,900.0
1422,1450,2016-01-23 00:11:00,1528,266,9,-72.0,898.0
1423,1451,2016-01-24 00:11:00,1529,267,9,-73.0,900.0
1424,1452,2016-01-25 00:11:00,1530,267,9,-71.0,899.0
1425,1447,2016-01-26 00:11:00,1531,268,9,-76.0,900.0
1426,1448,2016-01-27 00:11:00,1532,268,9,-72.0,900.0
1427,1453,2016-01-28 00:11:00,1533,269,9,-72.0,896.0
1428,1454,2016-01-29 00:11:00,1534,270,10,-73.0,898.0
1429,1455,2016-01-30 00:11:00,1535,270,10,-73.0,900.0
1430,1456,2016-01-01 00:12:00,1536,271,10,-71.0,901.0
1431,1458,2016-01-02 00:12:00,1537,272,10,-74.0,900.0
1432,1457,2016-01-03 00:12:00,1538,272,10,-73.0,898.0
1433,1459,2016-01-04 00:12:00,1539,273,10,-74.0,896.0
1434,1460,2016-01-05 00:12:00,1540,274,10,-72.0,896.0
1435,1461,2016-01-06 00:12:00,1541,274,10,-76.0,895.0
1436,1462,2016-01-07 00:12:00,1542,275,10,-73.0,895.0
1437,1464,2016-01-08 00:12:00,1543,276,10,-74.0,896.0
1438,1463,2016-01-09 00:12:00,1544,276,10,-71.0,894.0
1439,1465,2016-01-10 00:12:00,1545,277,10,-73.0,891.0
1440,1467,2016-01-11 00:12:00,1546,277,10,-73.0,889.0
1441,1466,2016-01-12 00:12:00,1547,278,10,-75.0,887.0
1442,1468,2016-01-13 00:12:00,1548,279,10,-76.0,887.0
1443,1469,2016-01-14 00:12:00,1549,279,10,-76.0,887.0
1444,1472,2016-01-15 00:12:00,1550,280,10,-71.0,888.0
1445,1471,2016-01-16 00:12:00,1551,281,10,-71.0,886.0
1446,1470,2016-01-17 00:12:00,1552,281,10,-74.0,886.0
1447,1474,2016-01-18 00:12:00,1553,282,10,-77.0,884.0
1448,1473,2016-01-19 00:12:00,1554,283,10,-70.0,882.0
1449,1477,2016-01-20 00:12:00,1555,283,10,-71.0,883.0
1450,1478,2016-01-21 00:12:00,1556,284,10,-72.0,883.0
1451,1475,2016-01-22 00:12:00,1557,284,10,-70.0,883.0
1452,1476,2016-01-23 00:12:00,1558,285,10,-72.0,880.0
1453,1484,2016-01-24 00:12:00,1559,286,10,-76.0,879.0
1454,1482,2016-01-25 00:12:00,1560,286,10,-76.0,877.0
1455,1485,2016-01-27 00:12:00,1561,287,10,-77.0,877.0
1456,1479,2016-01-28 00:12:00,1562,288,10,-73.0,877.0
1457,1483,2016-01-29 00:12:00,1563,288,10,-75.0,879.0
1458,1481,2016-01-30 00:12:00,1564,289,10,-70.0,877.0
1459,1480,2016-01-31 00:12:00,1565,290,10,-72.0,874.0
1460,1487,2017-01-01 00:01:00,1566,290,10,-76.0,876.0
1461,1486,2017-01-02 00:01:00,1567,291,10,-70.0,872.0
1462,1488,2017-01-03 00:01:00,1568,291,10,-71.0,876.0
1463,1492,2017-01-04 00:01:00,1569,292,10,-70.0,873.0
1464,1491,2017-01-05 00:01:00,1570,293,10,-71.0,873.0
1465,1490,2017-01-06 00:01:00,1571,293,10,-70.0,873.0
1466,1489,2017-01-07 00:01:00,1572,294,10,-81.0,869.0
1467,1493,2017-01-08 00:01:00,1573,295,10,-74.0,872.0
1468,1495,2017-01-09 00:01:00,1574,295,10,-72.0,868.0
1469,1494,2017-01-10 00:01:00,1575,296,10,-73.0,871.0
1470,1496,2017-01-11 00:01:00,1576,296,10,-72.0,869.0
1471,1498,2017-01-12 00:01:00,1577,297,10,-72.0,866.0
1472,1499,2017-01-13 00:01:00,1578,298,10,-74.0,868.0
1473,1500,2017-01-14 00:01:00,1579,298,10,-73.0,862.0
1474,1497,2017-01-15 00:01:00,1580,299,10,-72.0,867.0
1475,1501,2017-01-16 00:01:00,1581,299,10,-72.0,862.0
1476,1503,2017-01-17 00:01:00,1582,300,11,-74.0,862.0
1477,1502,2017-01-18 00:01:00,1583,301,11,-75.0,862.0
1478,1505,2017-01-19 00:01:00,1584,301,11,-77.0,860.0
1479,1506,2017-01-20 00:01:00,1585,302,11,-76.0,864.0
1480,1504,2017-01-21 00:01:00,1586,303,11,-72.0,858.0
1481,1508,2017-01-22 00:01:00,1587,303,11,-73.0,860.0
1482,1507,2017-01-23 00:01:00,1588,304,11,-72.0,858.0
1483,1510,2017-01-24 00:01:00,1589,304,11,-72.0,857.0
1484,1509,2017-01-25 00:01:00,1590,305,11,-76.0,860.0
1485,1512,2017-01-26 00:01:00,1591,306,11,-73.0,852.0
1486,1511,2017-01-27 00:01:00,1592,306,11,-71.0,857.0
1487,1513,2017-01-28 00:01:00,1593,307,11,-72.0,852.0
1488,1514,2017-01-29 00:01:00,1594,307,11,-74.0,855.0
1489,1515,2017-01-30 00:01:00,1595,308,11,-71.0,855.0
1490,1516,2017-01-31 00:01:00,1596,309,11,-74.0,850.0
1491,1517,2017-01-01 00:02:00,1597,309,11,-73.0,855.0
1492,1519,2017-01-03 00:02:00,1598,310,11,-70.0,849.0
1493,1518,2017-01-04 00:02:00,1599,310,11,-72.0,853.0
1494,1520,2017-01-05 00:02:00,1600,311,11,-71.0,850.0
1495,1522,2017-01-06 00:02:00,1601,312,11,-71.0,853.0
1496,1521,2017-01-07 00:02:00,1602,312,11,-77.0,852.0
1497,1523,2017-01-08 00:02:00,1603,313,11,-76.0,847.0
1498,1524,2017-01-09 00:02:00,1604,313,11,-77.0,850.0
1499,1526,2017-01-10 00:02:00,1605,314,11,-73.0,846.0
1500,1525,2017-01-11 00:02:00,1606,315,11,-75.0,850.0
1501,1528,2017-01-12 00:02:00,1607,315,11,-77.0,846.0
1502,1527,2017-01-13 00:02:00,1608,316,11,-72.0,847.0
1503,1529,2017-01-14 00:02:00,1609,316,11,-71.0,847.0
1504,1534,2017-01-18 00:02:00,1613,319,11,-72.0,846.0
1505,1533,2017-01-19 00:02:00,1614,319,11,-73.0,837.0
1506,1536,2017-01-20 00:02:00,1615,320,11,-73.0,842.0
1507,1535,2017-01-21 00:02:00,1616,320,11,-73.0,848.0
1508,1537,2017-01-22 00:02:00,1617,321,11,-72.0,840.0
1509,1540,2017-01-23 00:02:00,1618,322,11,-71.0,845.0
1510,1538,2017-01-24 00:02:00,1619,322,11,-73.0,841.0
1511,1539,2017-01-25 00:02:00,1620,323,11,-70.0,844.0
1512,1541,2017-01-26 00:02:00,1621,323,11,-73.0,842.0
1513,1542,2017-01-27 00:02:00,1622,324,11,-71.0,841.0
1514,1544,2017-01-28 00:02:00,1623,324,11,-71.0,840.0
1515,1543,2017-01-01 00:03:00,1624,325,11,-72.0,837.0
1516,1546,2017-01-02 00:03:00,1625,326,11,-71.0,839.0
1517,1545,2017-01-03 00:03:00,1626,326,11,-71.0,839.0
1518,1547,2017-01-04 00:03:00,1627,327,11,-72.0,838.0
1519,1549,2017-01-05 00:03:00,1628,327,11,-71.0,839.0
1520,1548,2017-01-06 00:03:00,1629,328,11,-74.0,837.0
1521,1551,2017-01-07 00:03:00,1630,328,11,-77.0,838.0
1522,1550,2017-01-08 00:03:00,1631,329,11,-77.0,837.0
1523,1552,2017-01-09 00:03:00,1632,330,12,-72.0,836.0
1524,1554,2017-01-10 00:03:00,1633,330,12,-75.0,834.0
1525,1553,2017-01-12 00:03:00,1634,331,12,-72.0,834.0
1526,1555,2017-01-13 00:03:00,1635,331,12,-73.0,833.0
1527,1556,2017-01-14 00:03:00,1636,332,12,-72.0,834.0
1528,1557,2017-01-15 00:03:00,1637,332,12,-73.0,833.0
1529,1559,2017-01-16 00:03:00,1638,333,12,-73.0,833.0
1530,1558,2017-01-17 00:03:00,1639,334,12,-71.0,832.0
1531,1561,2017-01-18 00:03:00,1640,334,12,-72.0,832.0
1532,1560,2017-01-19 00:03:00,1641,335,12,-72.0,831.0
1533,1564,2017-01-20 00:03:00,1642,335,12,-72.0,829.0
1534,1563,2017-01-21 00:03:00,1643,336,12,-74.0,832.0
1535,1562,2017-01-22 00:03:00,1644,336,12,-74.0,832.0
1536,1567,2017-01-23 00:03:00,1645,337,12,-74.0,832.0
1537,1565,2017-01-24 00:03:00,1646,337,12,-74.0,831.0
1538,1566,2017-01-25 00:03:00,1647,338,12,-73.0,831.0
1539,1568,2017-01-26 00:03:00,1648,339,12,-73.0,830.0
1540,1569,2017-01-27 00:03:00,1649,339,12,-74.0,830.0
1541,1570,2017-01-28 00:03:00,1650,340,12,-75.0,833.0
1542,1571,2017-01-29 00:03:00,1651,340,12,-77.0,833.0
1543,1572,2017-01-30 00:03:00,1652,341,12,-76.0,834.0
1544,1573,2017-01-31 00:03:00,1653,341,12,-75.0,833.0
1545,1575,2017-01-01 00:04:00,1654,342,12,-75.0,829.0
1546,1574,2017-01-02 00:04:00,1655,342,12,-76.0,831.0
1547,1576,2017-01-03 00:04:00,1656,343,12,-75.0,832.0
1548,1578,2017-01-04 00:04:00,1657,343,12,-75.0,836.0
1549,1577,2017-01-05 00:04:00,1658,344,12,-77.0,835.0
1550,1579,2017-01-06 00:04:00,1659,345,12,-77.0,832.0
1551,1581,2017-01-07 00:04:00,1660,345,12,-74.0,832.0
1552,1580,2017-01-08 00:04:00,1661,346,12,-75.0,831.0
1553,1583,2017-01-09 00:04:00,1662,346,12,-75.0,831.0
1554,1584,2017-01-10 00:04:00,1663,347,12,-74.0,832.0
1555,1586,2017-01-11 00:04:00,1664,347,12,-74.0,832.0
1556,1585,2017-01-12 00:04:00,1665,348,12,-76.0,833.0
1557,1582,2017-01-13 00:04:00,1666,348,12,-76.0,834.0
1558,1588,2017-01-14 00:04:00,1667,349,12,-76.0,833.0
1559,1587,2017-01-15 00:04:00,1668,349,12,-77.0,831.0
1560,1589,2017-01-16 00:04:00,1669,350,12,-74.0,833.0
1561,1590,2017-01-18 00:04:00,1670,350,12,-76.0,834.0
1562,1591,2017-01-19 00:04:00,1671,351,12,-76.0,832.0
1563,1592,2017-01-20 00:04:00,1672,351,12,-74.0,833.0
1564,1594,2017-01-21 00:04:00,1673,352,12,-75.0,836.0
1565,1593,2017-01-22 00:04:00,1674,352,12,-75.0,835.0
1566,1595,2017-01-23 00:04:00,1675,353,12,-75.0,835.0
1567,1596,2017-01-24 00:04:00,1676,354,12,-76.0,837.0
1568,1597,2017-01-25 00:04:00,1677,354,12,-74.0,835.0
1569,1598,2017-01-26 00:04:00,1678,355,12,-74.0,836.0
1570,1599,2017-01-27 00:04:00,1679,355,12,-75.0,836.0
1571,1601,2017-01-28 00:04:00,1680,356,12,-74.0,835.0
1572,1602,2017-01-29 00:04:00,1681,356,12,-74.0,837.0
1573,1603,2017-01-30 00:04:00,1682,357,12,-76.0,839.0
1574,1600,2017-01-01 00:05:00,1683,357,12,-75.0,837.0
1575,1604,2017-01-02 00:05:00,1684,358,12,-75.0,837.0
1576,1605,2017-01-03 00:05:00,1685,358,12,-77.0,838.0
1577,1607,2017-01-04 00:05:00,1686,359,12,-75.0,838.0
1578,1608,2017-01-05 00:05:00,1687,359,12,-75.0,838.0
1579,1606,2017-01-06 00:05:00,1688,0,1,-76.0,840.0
1580,1610,2017-01-07 00:05:00,1689,0,1,-75.0,840.0
1581,1609,2017-01-08 00:05:00,1690,1,1,-76.0,840.0
1582,1614,2017-01-10 00:05:00,1692,2,1,-62.0,820.0
1583,1612,2017-01-11 00:05:00,1693,2,1,-76.0,840.0
1584,1613,2017-01-12 00:05:00,1694,3,1,-76.0,840.0
1585,1611,2017-01-13 00:05:00,1695,3,1,-77.0,840.0
1586,1615,2017-01-14 00:05:00,1696,4,1,-75.0,841.0
1587,1616,2017-01-15 00:05:00,1697,4,1,-77.0,841.0
1588,1618,2017-01-16 00:05:00,1698,5,1,-77.0,842.0
1589,1617,2017-01-17 00:05:00,1699,5,1,-76.0,843.0
1590,1619,2017-01-18 00:05:00,1700,6,1,-76.0,842.0
1591,1620,2017-01-19 00:05:00,1701,6,1,-76.0,841.0
1592,1621,2017-01-20 00:05:00,1702,7,1,-75.0,842.0
1593,1622,2017-01-21 00:05:00,1703,7,1,-76.0,843.0
1594,1625,2017-01-22 00:05:00,1704,8,1,-77.0,844.0
1595,1623,2017-01-23 00:05:00,1705,8,1,-76.0,845.0
1596,1624,2017-01-24 00:05:00,1706,9,1,-77.0,845.0
1597,1627,2017-01-26 00:05:00,1707,9,1,-77.0,846.0
1598,1626,2017-01-27 00:05:00,1708,10,1,-76.0,846.0
1599,1628,2017-01-28 00:05:00,1709,10,1,-76.0,847.0
1600,1629,2017-01-29 00:05:00,1710,11,1,-76.0,848.0
1601,1631,2017-01-30 00:05:00,1711,11,1,-75.0,848.0
1602,1630,2017-01-31 00:05:00,1712,12,1,-77.0,849.0
1603,1635,2017-01-01 00:06:00,1713,12,1,-75.0,850.0
1604,1633,2017-01-02 00:06:00,1714,13,1,-77.0,849.0
1605,1634,2017-01-03 00:06:00,1715,13,1,-77.0,851.0
1606,1632,2017-01-04 00:06:00,1716,14,1,-76.0,850.0
1607,1636,2017-01-05 00:06:00,1717,14,1,-76.0,851.0
1608,1637,2017-01-06 00:06:00,1718,15,1,-77.0,852.0
1609,1639,2017-01-07 00:06:00,1719,15,1,-77.0,853.0
1610,1638,2017-01-08 00:06:00,1720,16,1,-76.0,853.0
1611,1641,2017-01-09 00:06:00,1721,16,1,-76.0,852.0
1612,1640,2017-01-10 00:06:00,1722,17,1,-77.0,854.0
1613,1642,2017-01-11 00:06:00,1723,17,1,-76.0,854.0
1614,1643,2017-01-12 00:06:00,1724,18,1,-77.0,856.0
1615,1644,2017-01-13 00:06:00,1725,18,1,-79.0,857.0
1616,1645,2017-01-14 00:06:00,1726,19,1,-76.0,855.0
1617,1647,2017-01-15 00:06:00,1727,19,1,-75.0,855.0
1618,1648,2017-01-16 00:06:00,1728,20,1,-76.0,855.0
1619,1646,2017-01-17 00:06:00,1729,20,1,-76.0,858.0
1620,1650,2017-01-18 00:06:00,1730,21,1,-77.0,858.0
1621,1649,2017-01-19 00:06:00,1731,21,1,-78.0,857.0
1622,1651,2017-01-20 00:06:00,1732,22,1,-78.0,858.0
1623,1652,2017-01-21 00:06:00,1733,22,1,-77.0,859.0
1624,1655,2017-01-22 00:06:00,1734,23,1,-78.0,859.0
1625,1653,2017-01-23 00:06:00,1735,23,1,-78.0,861.0
1626,1654,2017-01-24 00:06:00,1736,23,1,-77.0,860.0
1627,1656,2017-01-25 00:06:00,1737,24,1,-78.0,861.0
1628,1657,2017-01-26 00:06:00,1738,24,1,-78.0,861.0
1629,1658,2017-01-27 00:06:00,1739,25,1,-77.0,861.0
1630,1662,2017-01-28 00:06:00,1740,25,1,-78.0,861.0
1631,1659,2017-01-29 00:06:00,1741,26,1,-78.0,863.0
1632,1661,2017-01-30 00:06:00,1742,26,1,-77.0,865.0
1633,1660,2017-01-02 00:07:00,1743,27,1,-78.0,863.0
1634,1663,2017-01-03 00:07:00,1744,27,1,-78.0,863.0
1635,1664,2017-01-04 00:07:00,1745,28,1,-78.0,865.0
1636,1665,2017-01-05 00:07:00,1746,28,1,-76.0,866.0
1637,1666,2017-01-06 00:07:00,1747,29,1,-79.0,866.0
1638,1668,2017-01-07 00:07:00,1748,29,1,-79.0,867.0
1639,1667,2017-01-08 00:07:00,1749,30,2,-76.0,867.0
1640,1669,2017-01-09 00:07:00,1750,30,2,-77.0,867.0
1641,1670,2017-01-10 00:07:00,1751,31,2,-78.0,867.0
1642,1671,2017-01-11 00:07:00,1752,31,2,-80.0,867.0
1643,1672,2017-01-12 00:07:00,1753,32,2,-76.0,868.0
1644,1673,2017-01-13 00:07:00,1754,32,2,-78.0,870.0
1645,1674,2017-01-14 00:07:00,1755,32,2,-77.0,870.0
1646,1675,2017-01-15 00:07:00,1756,33,2,-78.0,871.0
1647,1676,2017-01-16 00:07:00,1757,33,2,-78.0,871.0
1648,1677,2017-01-17 00:07:00,1758,34,2,-78.0,871.0
1649,1678,2017-01-18 00:07:00,1759,34,2,-77.0,871.0
1650,1679,2017-01-19 00:07:00,1760,35,2,-78.0,872.0
1651,1684,2017-01-20 00:07:00,1761,35,2,-77.0,872.0
1652,1687,2017-01-21 00:07:00,1762,36,2,-77.0,872.0
1653,1680,2017-01-22 00:07:00,1763,36,2,-78.0,873.0
1654,1682,2017-01-23 00:07:00,1764,37,2,-79.0,872.0
1655,1690,2017-01-24 00:07:00,1765,37,2,-77.0,873.0
1656,1688,2017-01-25 00:07:00,1766,38,2,-79.0,873.0
1657,1691,2017-01-26 00:07:00,1767,38,2,-77.0,874.0
1658,1683,2017-01-27 00:07:00,1768,39,2,-78.0,875.0
1659,1689,2017-01-28 00:07:00,1769,39,2,-76.0,875.0
1660,1686,2017-01-29 00:07:00,1770,39,2,-79.0,875.0
1661,1692,2017-01-30 00:07:00,1771,40,2,-79.0,876.0
1662,1681,2017-01-31 00:07:00,1772,40,2,-78.0,876.0
1663,1685,2017-01-01 00:08:00,1773,41,2,-78.0,876.0
1664,1693,2017-01-02 00:08:00,1774,41,2,-79.0,877.0
1665,1694,2017-01-03 00:08:00,1775,42,2,-80.0,877.0
1666,1696,2017-01-04 00:08:00,1776,42,2,-79.0,877.0
1667,1695,2017-01-05 00:08:00,1777,43,2,-79.0,877.0
1668,1697,2017-01-06 00:08:00,1778,43,2,-81.0,877.0
1669,1698,2017-01-07 00:08:00,1779,44,2,-78.0,878.0
1670,1699,2017-01-09 00:08:00,1780,44,2,-77.0,879.0
1671,1700,2017-01-10 00:08:00,1781,45,2,-78.0,879.0
1672,1701,2017-01-11 00:08:00,1782,45,2,-78.0,878.0
1673,1703,2017-01-12 00:08:00,1783,45,2,-79.0,879.0
1674,1702,2017-01-13 00:08:00,1784,46,2,-80.0,883.0
1675,1704,2017-01-14 00:08:00,1785,46,2,-77.0,881.0
1676,1705,2017-01-16 00:08:00,1787,47,2,-79.0,881.0
1677,1706,2017-01-17 00:08:00,1788,48,2,-79.0,881.0
1678,1708,2017-01-18 00:08:00,1789,48,2,-79.0,881.0
1679,1707,2017-01-19 00:08:00,1790,49,2,-81.0,882.0
1680,1709,2017-01-20 00:08:00,1791,49,2,-79.0,882.0
1681,1710,2017-01-21 00:08:00,1792,50,2,-80.0,883.0
1682,1711,2017-01-22 00:08:00,1793,50,2,-80.0,883.0
1683,1712,2017-01-23 00:08:00,1794,50,2,-80.0,883.0
1684,1714,2017-01-24 00:08:00,1795,51,2,-81.0,882.0
1685,1715,2017-01-25 00:08:00,1796,51,2,-80.0,883.0
1686,1713,2017-01-26 00:08:00,1797,52,2,-79.0,884.0
1687,1716,2017-01-27 00:08:00,1798,52,2,-79.0,883.0
1688,1717,2017-01-28 00:08:00,1799,53,2,-78.0,883.0
1689,1718,2017-01-29 00:08:00,1800,53,2,-80.0,883.0
1690,1719,2017-01-30 00:08:00,1801,54,2,-80.0,882.0
1691,1722,2017-01-31 00:08:00,1802,54,2,-79.0,882.0
1692,1723,2017-01-01 00:09:00,1803,55,2,-78.0,882.0
1693,1720,2017-01-02 00:09:00,1804,55,2,-78.0,883.0
1694,1721,2017-01-03 00:09:00,1805,55,2,-78.0,883.0
1695,1724,2017-01-04 00:09:00,1806,56,2,-80.0,884.0
1696,1725,2017-01-05 00:09:00,1807,56,2,-78.0,884.0
1697,1726,2017-01-06 00:09:00,1808,57,2,-79.0,884.0
1698,1728,2017-01-07 00:09:00,1809,57,2,-80.0,884.0
1699,1729,2017-01-08 00:09:00,1810,58,2,-78.0,883.0
1700,1727,2017-01-09 00:09:00,1811,58,2,-79.0,882.0
1701,1730,2017-01-10 00:09:00,1812,59,2,-79.0,882.0
1702,1731,2017-01-11 00:09:00,1813,59,2,-80.0,881.0
1703,1732,2017-01-12 00:09:00,1814,59,2,-80.0,881.0
1704,1733,2017-01-13 00:09:00,1815,60,3,-81.0,881.0
1705,1734,2017-01-15 00:09:00,1816,60,3,-82.0,882.0
1706,1735,2017-01-16 00:09:00,1817,61,3,-80.0,882.0
1707,1736,2017-01-17 00:09:00,1818,61,3,-81.0,881.0
1708,1737,2017-01-18 00:09:00,1819,62,3,-82.0,880.0
1709,1738,2017-01-19 00:09:00,1820,62,3,-79.0,881.0
1710,1740,2017-01-20 00:09:00,1821,63,3,-81.0,882.0
1711,1739,2017-01-21 00:09:00,1822,63,3,-78.0,881.0
1712,1743,2017-01-22 00:09:00,1823,64,3,-80.0,879.0
1713,1742,2017-01-23 00:09:00,1824,64,3,-80.0,879.0
1714,1741,2017-01-24 00:09:00,1825,64,3,-80.0,878.0
1715,1744,2017-01-25 00:09:00,1826,65,3,-80.0,878.0
1716,1745,2017-01-26 00:09:00,1827,65,3,-80.0,879.0
1717,1746,2017-01-27 00:09:00,1828,66,3,-80.0,878.0
1718,1749,2017-01-28 00:09:00,1829,66,3,-78.0,877.0
1719,1748,2017-01-29 00:09:00,1830,67,3,-80.0,877.0
1720,1747,2017-01-30 00:09:00,1831,67,3,-80.0,876.0
1721,1750,2017-01-01 00:10:00,1832,68,3,-84.0,875.0
1722,1751,2017-01-02 00:10:00,1833,68,3,-81.0,875.0
1723,1752,2017-01-03 00:10:00,1834,68,3,-80.0,875.0
1724,1753,2017-01-04 00:10:00,1835,69,3,-80.0,873.0
1725,1755,2017-01-05 00:10:00,1836,69,3,-81.0,873.0
1726,1756,2017-01-06 00:10:00,1837,70,3,-81.0,872.0
1727,1754,2017-01-07 00:10:00,1838,70,3,-79.0,872.0
1728,1757,2017-01-08 00:10:00,1839,71,3,-80.0,872.0
1729,1758,2017-01-09 00:10:00,1840,71,3,-77.0,871.0
1730,1759,2017-01-10 00:10:00,1841,72,3,-77.0,870.0
1731,1761,2017-01-11 00:10:00,1842,72,3,-79.0,869.0
1732,1760,2017-01-12 00:10:00,1843,72,3,-80.0,869.0
1733,1762,2017-01-13 00:10:00,1844,73,3,-81.0,869.0
1734,1763,2017-01-14 00:10:00,1845,73,3,-80.0,868.0
1735,1765,2017-01-15 00:10:00,1846,74,3,-80.0,868.0
1736,1764,2017-01-16 00:10:00,1847,74,3,-80.0,866.0
1737,1766,2017-01-17 00:10:00,1848,75,3,-80.0,865.0
1738,1770,2017-01-18 00:10:00,1849,75,3,-80.0,864.0
1739,1768,2017-01-19 00:10:00,1850,76,3,-80.0,864.0
1740,1767,2017-01-20 00:10:00,1851,76,3,-87.0,864.0
1741,1769,2017-01-22 00:10:00,1852,77,3,-80.0,863.0
1742,1771,2017-01-23 00:10:00,1853,77,3,-80.0,862.0
1743,1772,2017-01-24 00:10:00,1854,77,3,-80.0,861.0
1744,1773,2017-01-25 00:10:00,1855,78,3,-78.0,861.0
1745,1774,2017-01-26 00:10:00,1856,78,3,-80.0,859.0
1746,1776,2017-01-27 00:10:00,1857,79,3,-80.0,858.0
1747,1775,2017-01-28 00:10:00,1858,79,3,-81.0,857.0
1748,1779,2017-01-29 00:10:00,1859,80,3,-79.0,857.0
1749,1778,2017-01-30 00:10:00,1860,80,3,-80.0,857.0
1750,1780,2017-01-31 00:10:00,1861,81,3,-79.0,855.0
1751,1777,2017-01-01 00:11:00,1862,81,3,-81.0,854.0
1752,1781,2017-01-02 00:11:00,1863,81,3,-80.0,853.0
1753,1782,2017-01-03 00:11:00,1864,82,3,-82.0,852.0
1754,1783,2017-01-04 00:11:00,1865,82,3,-80.0,852.0
1755,1785,2017-01-05 00:11:00,1866,83,3,-80.0,850.0
1756,1784,2017-01-06 00:11:00,1867,83,3,-78.0,848.0
1757,1786,2017-01-07 00:11:00,1868,84,3,-80.0,848.0
1758,1787,2017-01-08 00:11:00,1869,84,3,-81.0,846.0
1759,1788,2017-01-09 00:11:00,1870,85,3,-81.0,845.0
1760,1789,2017-01-10 00:11:00,1871,85,3,-80.0,844.0
1761,1791,2017-01-11 00:11:00,1872,86,3,-79.0,843.0
1762,1790,2017-01-12 00:11:00,1873,86,3,-79.0,842.0
1763,1792,2017-01-13 00:11:00,1874,86,3,-80.0,840.0
1764,1793,2017-01-14 00:11:00,1875,87,3,-79.0,839.0
1765,1794,2017-01-15 00:11:00,1876,87,3,-79.0,838.0
1766,1797,2017-01-16 00:11:00,1877,88,3,-79.0,837.0
1767,1795,2017-01-17 00:11:00,1878,88,3,-79.0,835.0
1768,1796,2017-01-18 00:11:00,1879,89,3,-79.0,834.0
1769,1798,2017-01-19 00:11:00,1880,89,3,-79.0,833.0
1770,1803,2017-01-20 00:11:00,1881,90,4,-79.0,832.0
1771,1801,2017-01-21 00:11:00,1882,90,4,-78.0,831.0
1772,1800,2017-01-22 00:11:00,1883,91,4,-78.0,830.0
1773,1799,2017-01-23 00:11:00,1884,91,4,-79.0,829.0
1774,1804,2017-01-24 00:11:00,1885,91,4,-79.0,827.0
1775,1805,2017-01-25 00:11:00,1886,92,4,-79.0,826.0
1776,1802,2017-01-26 00:11:00,1887,92,4,-79.0,824.0
1777,1807,2017-01-27 00:11:00,1888,93,4,-79.0,823.0
1778,1806,2017-01-29 00:11:00,1889,93,4,-80.0,822.0
1779,1808,2017-01-30 00:11:00,1890,94,4,-79.0,821.0
1780,1810,2017-01-01 00:12:00,1891,94,4,-80.0,819.0
1781,1809,2017-01-02 00:12:00,1892,95,4,-81.0,817.0
1782,1812,2017-01-03 00:12:00,1893,95,4,-79.0,816.0
1783,1811,2017-01-04 00:12:00,1894,96,4,-79.0,815.0
1784,1814,2017-01-05 00:12:00,1895,96,4,-78.0,814.0
1785,1813,2017-01-06 00:12:00,1896,96,4,-79.0,812.0
1786,1817,2017-01-07 00:12:00,1897,97,4,-80.0,811.0
1787,1816,2017-01-08 00:12:00,1898,97,4,-81.0,810.0
1788,1815,2017-01-09 00:12:00,1899,98,4,-81.0,808.0
1789,1818,2017-01-10 00:12:00,1900,98,4,-81.0,807.0
1790,1819,2017-01-11 00:12:00,1901,99,4,-81.0,806.0
1791,1820,2017-01-12 00:12:00,1902,99,4,-79.0,804.0
1792,1821,2017-01-13 00:12:00,1903,100,4,-78.0,803.0
1793,1822,2017-01-14 00:12:00,1904,100,4,-79.0,801.0
1794,1823,2017-01-15 00:12:00,1905,101,4,-80.0,800.0
1795,1824,2017-01-16 00:12:00,1906,101,4,-79.0,799.0
1796,1825,2017-01-17 00:12:00,1907,101,4,-79.0,798.0
1797,1826,2017-01-18 00:12:00,1908,102,4,-79.0,796.0
1798,1827,2017-01-19 00:12:00,1909,102,4,-80.0,795.0
1799,1828,2017-01-20 00:12:00,1910,103,4,-80.0,794.0
1800,1833,2017-01-21 00:12:00,1911,103,4,-79.0,792.0
1801,1832,2017-01-22 00:12:00,1912,104,4,-80.0,791.0
1802,1830,2017-01-23 00:12:00,1913,104,4,-79.0,791.0
1803,1834,2017-01-24 00:12:00,1914,105,4,-78.0,790.0
1804,1835,2017-01-25 00:12:00,1915,105,4,-78.0,788.0
1805,1829,2017-01-26 00:12:00,1916,106,4,-79.0,787.0
1806,1831,2017-01-27 00:12:00,1917,106,4,-80.0,786.0
1807,1839,2017-01-28 00:12:00,1918,107,4,-77.0,784.0
1808,1836,2017-01-29 00:12:00,1919,107,4,-77.0,783.0
1809,1837,2017-01-30 00:12:00,1920,108,4,-77.0,782.0
1810,1838,2017-01-31 00:12:00,1921,108,4,-78.0,781.0
1811,1840,2018-01-01 00:01:00,1922,108,4,-79.0,780.0
1812,1842,2018-01-02 00:01:00,1923,109,4,-77.0,778.0
1813,1841,2018-01-03 00:01:00,1924,109,4,-78.0,777.0
1814,1844,2018-01-05 00:01:00,1925,110,4,-79.0,777.0
1815,1843,2018-01-06 00:01:00,1926,110,4,-80.0,775.0
1816,1845,2018-01-07 00:01:00,1927,111,4,-79.0,774.0
1817,1847,2018-01-08 00:01:00,1928,111,4,-78.0,773.0
1818,1846,2018-01-09 00:01:00,1929,112,4,-79.0,771.0
1819,1848,2018-01-10 00:01:00,1930,112,4,-79.0,770.0
1820,1849,2018-01-11 00:01:00,1931,113,4,-79.0,770.0
1821,1850,2018-01-12 00:01:00,1932,113,4,-79.0,768.0
1822,1852,2018-01-13 00:01:00,1933,114,4,-78.0,767.0
1823,1851,2018-01-14 00:01:00,1934,114,4,-79.0,766.0
1824,1853,2018-01-15 00:01:00,1935,115,4,-80.0,765.0
1825,1855,2018-01-16 00:01:00,1936,115,4,-79.0,764.0
1826,1854,2018-01-17 00:01:00,1937,116,4,-80.0,763.0
1827,1859,2018-01-18 00:01:00,1938,116,4,-78.0,762.0
1828,1857,2018-01-19 00:01:00,1939,116,4,-78.0,760.0
1829,1858,2018-01-20 00:01:00,1940,117,4,-77.0,759.0
1830,1856,2018-01-21 00:01:00,1941,117,4,-77.0,758.0
1831,1860,2018-01-22 00:01:00,1942,118,4,-78.0,757.0
1832,1863,2018-01-23 00:01:00,1943,118,4,-78.0,756.0
1833,1861,2018-01-24 00:01:00,1944,119,4,-80.0,755.0
1834,1862,2018-01-25 00:01:00,1945,119,4,-78.0,754.0
1835,1864,2018-01-26 00:01:00,1946,120,5,-79.0,753.0
1836,1865,2018-01-27 00:01:00,1947,120,5,-78.0,751.0
1837,1866,2018-01-28 00:01:00,1948,121,5,-78.0,752.0
1838,1867,2018-01-29 00:01:00,1949,121,5,-78.0,751.0
1839,1868,2018-01-30 00:01:00,1950,122,5,-79.0,750.0
1840,1869,2018-01-31 00:01:00,1951,122,5,-77.0,749.0
1841,1871,2018-01-01 00:02:00,1952,123,5,-80.0,748.0
1842,1870,2018-01-02 00:02:00,1953,123,5,-78.0,747.0
1843,1872,2018-01-03 00:02:00,1954,124,5,-77.0,745.0
1844,1873,2018-01-04 00:02:00,1955,124,5,-77.0,745.0
1845,1879,2018-01-05 00:02:00,1956,125,5,-79.0,744.0
1846,1875,2018-01-06 00:02:00,1957,125,5,-77.0,742.0
1847,1874,2018-01-07 00:02:00,1958,126,5,-77.0,741.0
1848,1878,2018-01-08 00:02:00,1959,126,5,-78.0,740.0
1849,1876,2018-01-09 00:02:00,1960,127,5,-78.0,740.0
1850,1877,2018-01-11 00:02:00,1961,127,5,-77.0,740.0
1851,1880,2018-01-12 00:02:00,1962,128,5,-78.0,738.0
1852,1881,2018-01-13 00:02:00,1963,128,5,-77.0,737.0
1853,1882,2018-01-14 00:02:00,1964,129,5,-76.0,736.0
1854,1883,2018-01-15 00:02:00,1965,129,5,-76.0,735.0
1855,1884,2018-01-16 00:02:00,1966,130,5,-77.0,735.0
1856,1885,2018-01-17 00:02:00,1967,130,5,-76.0,734.0
1857,1886,2018-01-18 00:02:00,1968,131,5,-76.0,732.0
1858,1887,2018-01-19 00:02:00,1969,131,5,-76.0,732.0
1859,1888,2018-01-20 00:02:00,1970,132,5,-77.0,731.0
1860,1890,2018-01-21 00:02:00,1971,132,5,-78.0,731.0
1861,1891,2018-01-22 00:02:00,1972,133,5,-78.0,730.0
1862,1889,2018-01-23 00:02:00,1973,133,5,-78.0,730.0
1863,1892,2018-01-24 00:02:00,1974,134,5,-77.0,729.0
1864,1894,2018-01-25 00:02:00,1975,134,5,-76.0,729.0
1865,1893,2018-01-26 00:02:00,1976,135,5,-77.0,728.0
1866,1895,2018-01-27 00:02:00,1977,135,5,-77.0,727.0
